LITURGY_1;Bann der Dunkelheit;Aus der Hand des Geweihten strahlt ein helles Licht. Das Licht zählt regeltechnisch als Sonnenlicht.;1 Aktion;4 KaP (Aktivierung der Liturgie) + 2 KaP pro Minute;selbst;aufrechterhaltend;Lebewesen
LITURGY_2;Bann der Furcht;Durch diese Liturgie wird pro QS eine Stufe des Zustands *Furcht* aufgehoben.;2 Aktionen;8 KaP;Berührung;sofort;Kulturschaffende
LITURGY_3;Bann des Lichts;Um den Geweihten herum bildet sich eine Kugel aus Dunkelheit mit einem Durchmesser von QS x 3 Schritt. Pro QS erschweren sich die Sichtverhältnisse um eine Stufe. Natürliche und magische Lichtquellen können die Dunkelheit nicht erhellen. Bei karmalen Lichtquellen entscheidet die höhere QS (wie bei einer Vergleichsprobe), ob das Licht zu sehen ist oder nicht. Hierbei gilt alles oder nichts: Das Licht wird nicht um die QS der Liturgie gedämpft, sondern die höhere QS entscheidet darüber ob Licht zu sehen ist oder nicht. Für den Geweihten werden die Sichtverhältnisse durch die Liturgie nicht erschwert. Der Geweihte muss vor dem Wirken der Liturgie entscheiden, ob die Zone der Dunkelheit an Ort und Stelle verbleiben oder sich mit ihm als Zentrum bewegen soll.;4 Aktionen;16 KaP (Aktivierung) + 8 KaP pro 5 Minuten;selbst;aufrechterhaltend;Zone
LITURGY_4;Blendstrahl; Der Betroffene wird geblendet. Es erhält eine Stufe des Zustands *Verwirrung*.;1 Aktion;4 KaP;8 Schritt;QS in KR;Lebewesen
LITURGY_5;Ehrenhaftigkeit; „Ehrenhaft“ bedeutet in diesem Fall, dass der Betroffene sich an die Gebote des Geweihten hält. Dies kann je nach Auslegung und Kultur bedeuten, dass der Betroffene bei Patzern des Gegners auf weitere Angriffe verzichtet, nicht von hinten angreift, dem Gegner die Chance gibt, eine verlorene Waffe wieder aufzusammeln, auf Waffengifte verzichtet usw.;4 Aktionen;8 KaP;8 Schritt;QS x 3 Minuten;Kulturschaffende
LITURGY_6;Entzifferung; Die Textmenge richtet sich nach der QS. Für jede QS kann er fünf Foliantenseiten in normaler Schriftgröße entziffern.;8 Aktionen;4 KaP;selbst;QS x 3 in Minuten;Kulturschaffende
LITURGY_7;Ermutigung; Das Ziel wird zuversichtlicher und mutiger. Je nach QS erhält es verschiedene Boni. Die Boni sind kumulativ, d.h. bei QS 3 hat das Ziel insgesamt MU +2 und AT +1.;4 Aktionen;8 KaP;Berührung;QS x 3 in Minuten;Kulturschaffende, übernatürliche Wesen
LITURGY_8;Fall ins Nichts;Für jede QS kann der Geweihte drei Schritt Fallschaden ignorieren.;1 Aktion;8 KaP;selbst;QS x 3 in KR;Kulturschaffende
LITURGY_9;Friedvolle Aura;Um den Geweihten anzugreifen, ist eine Probe auf *Willenskraft (Bedrohungen standhalten)* des Gegners notwendig, bei der er mehr QS haben muss als der Geweihte. Ist diese Probe nicht erfolgreich, kann der Angriff nicht ausgeführt werden. Gelingt sie, so ist die Attacke gegen den Geweihten dennoch um QS der Liturgie erschwert. Die Wirkung der Liturgie bezieht sich nur auf den Geweihten. Während der Wirkung der Liturgie kann der Geweihte keine Angriffe (Attacke, Fernkampf) oder sonstige offensive Handlungen gegen seine Feinde ausführen, wohl aber seine Kampfgefährten mit Handlungen unterstützen.;1 Aktion;8 KaP;selbst;QS x 3 in KR;Kulturschaffende
LITURGY_10;Giftbann; Der Giftbann neutralisiert ein Gift. Die maximale Giftstufe darf die QS nicht übersteigen, sonst wirkt die Liturgie nicht und gilt als misslungen.;4 Aktionen;2 KaP pro Giftstufe;Berührung;sofort;Lebewesen
LITURGY_11;Göttlicher Fingerzeig;Voraussetzung ist, dass ein solcher Gegenstand überhaupt in Reichweite liegt. Dies kann z. B. ein verborgener Schlüssel für eine Truhe, ein Zettel mit Hinweisen oder ein benötigtes improvisiertes Werkzeug sein. Ist der Gegenstand durch Magie oder karmales Wirken verborgen, kann der Geweihte das Objekt nicht mittels dieser Liturgie entdecken. Der Gegenstand darf sich maximal QS Schritt vom Geweihten entfernt befinden.;4 Aktionen;8 KaP;selbst;sofort;Kulturschaffende
LITURGY_12;Göttliches Zeichen;Das Zeichen äußert sich z. B. als Donnergrollen, obwohl keine Wolken am Himmel zu sehen sind (Rondra), das Schnattern eines Storches (Peraine) oder als kurzer Moment der Stille (Boron).<br>;4 Aktionen;4 KaP;4 Schritt;QS x 3 in KR;Zone
LITURGY_13;Heilsegen; Der Betroffene erhält innerhalb von 5 Minuten nach dem Wirken der Liturgie verlorene LeP in Höhe der verwendeten KaP zurück. Der Geweihte kann maximal so viele KaP einsetzen, wie er FW hat. Wird die Liturgie vor dem Ablauf der durch den Konstitutionswert angegebenen Frist für den Tod eines Helden begonnen, kann er gerettet werden. Wird die Liturgie jedoch unterbrochen, überlebt der Patient danach nur noch die verbliebenen Kampfrunden.;16 Aktionen;1 KaP pro LeP, mindestens jedoch 4 KaP;Berührung;sofort;Kulturschaffende, übernatürliche Wesen
LITURGY_14;Kleiner Bann wider Untote;Der Bann verursacht 2W6+(QS x2) SP gegen ein untotes Wesen. Der Bann trifft automatisch sein Ziel und dieses kann sich dagegen nicht verteidigen.;1 Aktion;4 KaP;8 Schritt;sofort;Untote
LITURGY_15;Kleiner Bannstrahl;Der Bannstrahl richtet gegen einen Dämon 2W6+(QS x2) SP an. Gegen Dämonen aus Blakharaz’ Domäne wird der Schaden verdoppelt. Der Bannstrahl trifft automatisch sein Ziel und dieses kann sich dagegen nicht verteidigen. Der kleine Bannstrahl ist nicht davon abhängig, ob der Himmel zu sehen ist. Der Strahl entsteht direkt beim Dämon, auf den der Strahl wirken soll.;2 Aktionen;8 KaP;16 Schritt;sofort;Dämonen
LITURGY_16;Krankheitsbann; Diese Liturgie heilt Krankheiten (die bisher erlittenen Auswirkungen werden nicht geheilt). Die maximale Krankheitsstufe darf die QS nicht übersteigen, sonst wirkt die Liturgie nicht und gilt als misslungen. Die Liturgie heilt auch alle Symptome der Krankheit, aber keine bis dahin entstandenen Schäden (LeP-Verlust, Narben usw.).;16 Aktionen;2 KaP pro Krankheitsstufe;Berührung;sofort;Lebewesen
LITURGY_17;Lautlos; Proben auf *Verbergen (Schleichen)* sind um QS erleichtert.;4 Aktionen;4 KaP (Aktivierung der Liturgie) + 2 KaP pro Minute;selbst;aufrechterhaltend;Kulturschaffende
LITURGY_18;Magieschutz; Er erhält einen Bonus von QS –1 auf SK und ZK (mindestens jedoch 1 Punkt) gegen magische Effekte.;4 Aktionen;8 KaP (Aktivierung der Liturgie) + 4 KaP pro 10 Minuten;selbst;aufrechterhaltend;Kulturschaffende
LITURGY_19;Magiesicht; Mit dieser Liturgie lässt sich aktives magisches Wirken auf Gegenständen und Personen erkennen. Je nach Stärke der astralen Kräfte im Objekt kann die Probe erleichtert oder erschwert werden. Je nach QS können dabei nachfolgende Analysen mittels des Zaubers <span class=name--spell>Analys</span> oder entsprechenden Liturgien beeinflusst werden. Der Geweihte kann nur ein ausgewähltes Wesen oder Objekt in Reichweite untersuchen. Er hat keine Rundumsicht.;2 Aktionen;4 KaP;8 Schritt;1 Minute;Lebewesen, Objekt
LITURGY_20;Mondsicht; Erschwernisse der Sichtverhältnisse durch Dunkelheit werden um QS –1 Stufen gesenkt (mindestens jedoch 1 Stufe). In völliger Dunkelheit nutzt diese Liturgie nichts.;4 Aktionen;2 KaP (Aktivierung) + 1 KaP pro 10 Minuten;selbst;aufrechterhaltend;Kulturschaffende
LITURGY_21;Mondsilberzunge; Der Held wirkt vertrauenerweckend. Er erhält eine Erleichterung von QS auf die Fertigkeiten *Überreden* und *Handel (Feilschen)*.;1 Aktion;8 KaP;selbst;QS x 3 in Minuten;Kulturschaffende
LITURGY_22;Objektsegen; Mit dieser Liturgie werden für Götterdienste benötigte Materialien (z. B. Salbungsöl eines Borongeweihten, das Saatgut eines Perainegeweihten oder Sternenstaub bei Phexgeweihten) gesegnet. Der Gegenstand zählt nicht als geweiht, sondern nur als gesegnet.;4 Aktionen;4 KaP;Berührung;QS x 3 in Stunden;Objekt
LITURGY_23;Ort der Ruhe;Innerhalb der Zone werden Geräusche gedämpft. Der Radius der Zone beträgt QS x 3 Schritt. Proben gegen *Sinnesschärfe (Wahrnehmen)*, um leise Geräusche wie Flüstern zu hören, sind innerhalb der Zone um QS erschwert. Die Zone verbleibt an Ort und Stelle. Geräusche, die aus der Zone dringen, bleiben gedämpft, Geräusche, die in die Zone eindringen, werden gedämpft.;8 Aktionen;4 KaP;4 Schritt;QS x 3 in Stunden;Zone
LITURGY_24;Pflanzenwuchs; Die Liturgie lässt eine maximal buschgroße Pflanze übernatürlich schnell wachsen. Pro QS wächst die Pflanze 30 % schneller als für die Gattung typisch.;16 Aktionen;8 KaP;Berührung;1 Jahr;Pflanzen
LITURGY_25;Rabenruf; Der Geweihte ruft bis zu QS x 3 Raben aus einem Radius von QS x 3 Meilen herbei. Die Vögel verhalten sich ihm gegenüber zutraulich. Der Geweihte kann einen der Raben dazu benutzen, einen kleinen Gegenstand wie einen Ring zu transportieren, maximal bis zu einer Reichweite von QS x 3 Meile. Der Rabe findet den Zielort in der Regel automatisch. Es können maximal so viele Raben zum Geweihten fliegen, wie sich zu diesem Zeitpunkt in der Reichweite der Liturgie befinden.;16 Aktionen;8 KaP;QS x 3 in Meilen;QS x 3 in Stunden;Tiere
LITURGY_26;Schlaf; Der Geweihte betäubt den Betroffenen. Erreicht dieser so Betäubung Stufe IV, schläft er ein und ist vor Ablauf der Wirkungsdauer nur durch großen Lärm, kräftiges Anstoßen oder Ähnliches zu wecken. Ungestört schläft er, bis er auf natürlichem Wege erwacht.;2 Aktionen;8 KaP;8 Schritt;QS x 3 in Minuten;Kulturschaffende
LITURGY_27;Schlangenstab; Die Schlange beschützt den Geweihten mit den ihr zur Verfügung stehenden Mitteln und folgt ihm. Stirbt die Schlange, verwandelt sie sich wieder zurück in das Objekt. Die Schlange gilt als gesegnet wie durch einen Objektsegen.;2 Aktionen;8 KaP;4 Schritt;QS x 3 in Minuten;Objekt
LITURGY_28;Schlangenzunge; Für Umstehende klingt dies wie zischende Laute. Bei der Darstellung eines solchen Gespräches sollte bedacht werden, dass Schlangen einen tierischen Verstand haben und die Welt anders wahrnehmen als Menschen.;8 Aktionen;8 KaP;4 Schritt;QS x 3 in Minuten;Tiere (nur Schlangen)
LITURGY_29;Schmerzresistenz; Alle Effekte der Stufen des Zustands *Schmerz* können ignoriert werden, bis auf Stufe IV (ab Stufe IV wird der Geweihe von den ganz normalen Auswirkungen des Zustands betroffen).;1 Aktion;8 KaP;selbst;QS x 3 in KR;Kulturschaffende
LITURGY_30;Schutz der Wehrlosen;Der Geweihte kann einen Kämpfer, der eine wehr- oder schutzlose Person angreift oder angreifen will, herausfordern. Der Herausgeforderte lässt von seinem Opfer ab und greift stattdessen den Rondrageweihten an.;1 Aktion;8 KaP;16 Schritt;QS x 3 in Minuten;Kulturschaffende
LITURGY_31;Sternenglanz; Es kann so einen um QS x 10 % höheren Preis erzielen. Misstrauische Käufer können diese Täuschung durchschauen, wenn ihnen eine vergleichende Probe auf *Sinnesschärfe (Suchen)* erschwert um QS +2 gelingt.;2 Aktionen;8 KaP;8 Schritt;QS x 15 Minuten;Objekt
LITURGY_32;Wahrheit; Der Betroffene muss dem Geweihten (und nur ihm) wahrheitsgemäß auf jede seiner Frage antworten, so lange die Wirkungsdauer der Liturgie anhält. Das Opfer der Liturgie weiß, was es sagt.;8 Aktionen;16 KaP;Berührung;QS x 3 in Minuten;Kulturschaffende
LITURGY_33;Wieselflink; Der Geweihte wird flinker und schneller. Je nach QS erhält er verschiedene Boni. Die Boni sind kumulativ, d.h. bei QS 5 hat der Geweihte insgesamt GE +3, GS + 1 und AW +1. Durch die Steigerung der GE können auch die Schadensschwellen bei Kampftechniken mit GE betroffen sein. Der Geweihte macht also eventuell mehr Schaden mit einigen Waffen.;2 Aktionen;8 KaP;selbst;QS x 3 in Minuten;Kulturschaffende
LITURGY_34;Wundersame Verständigung;Der Geweihte erhält die Stufen in der Sprache, die er gerade für seine Kommunikation benötigt. Es ist nicht notwendig, dass der Geweihte schon einmal etwas von der Sprache gehört oder gelesen hat.;2 Aktionen;8 KaP;selbst;QS x 3 in Stunden;Lebewesen
LITURGY_35;Ackersegen; Der Geweihte wandert über das frisch gesäte Feld und segnet die Ackerfrüchte. Die Wirkung des Segens entfaltet sich auf einer Fläche von bis zu QS x 1.000 Quadratschritt (der Geweihte darf vom Zentrum des betroffenen Gebietes aber nicht weiter weg sein, als die Reichweite der Liturgie beträgt). Die Ackerfrucht ist weniger anfällig gegen Krankheiten und Ungeziefer, während alle anderen Pflanzen auf dem Acker in ihrem Wachstum gehemmt werden. Der Segen schützt die Pflanzen jedoch nicht vor äußeren Einflüssen wie Dürre, Überflutung oder Hagelschlag.;2 Stunden;16 KaP;Sicht;ein Wachstumszyklus (zwischen 6 und 12 Monaten);Pflanzen
LITURGY_36;Exorzismus; Mit einem Exorzismus werden Dämonen und Geister ausgetrieben, die Besitz von einem Lebewesen ergriffen haben. Gelingt der Exorzismus, wird der Dämon oder Geist aus dem Körper vertrieben und zurück in die Niederhöllen oder ins Totenreich verbannt.;8 Stunden;32 KaP;4 Schritt;sofort;Dämonen, Geister
LITURGY_37;Geweihter Panzer;Die Rüstung des Geweihten gilt als geweiht. Wenn Dämonen den Geweihten angreifen, verursachen erfolgreiche Angriffe des Dämons 1W3 SP bei ihm, da er den Geweihten oder seine Rüstung berühren muss.;30 Minuten;16 KaP;selbst;QS x 15 Minuten;Kulturschaffende
LITURGY_38;Löwengestalt; Der Geweihte verwandelt sich in einen Löwen. Hierbei wird die Kleidung nicht mitverwandelt. In der Löwengestalt behält der Geweihte seine geistigen Eigenschaften und erhält die körperlichen Eigenschaften und Fähigkeiten des Löwen.<br>;30 Minuten;16 KaP;selbst;QS x 3 in Stunden;Lebewesen (nur der Geweihte selbst)
LITURGY_39;Nebelleib; Der Körper des Phexgeweihten verwandelt sich in Nebel. Seine Kleidung und Gegenstände, die er am Körper trug, werden nicht mitverwandelt. Profane, magische und geweihte Waffen richten gegen den Nebel keinen Schaden an. Zauber mit dem Merkmal *Verwandlung* können nicht gegen den Nebel eingesetzt werden.<br>;30 Minuten;16 KaP;selbst;QS x 10 Minuten;Kulturschaffende
LITURGY_40;Objektweihe; Das Objekt, üblicherweise ein liturgischer Gegenstand oder eine rituelle Waffe wie ein Sonnenzepter oder ein Rondrakamm, wird geweiht. Damit wird es von den karmalen Kräften der jeweiligen Gottheit durchdrungen, weswegen üblicherweise nur ausgewählte, der Gottheit gefällige Gegenstände geweiht und nur wahren Gläubigen ausgehändigt werden.<br>;2 Stunden;16 KaP, davon 2 permanent;4 Schritt;permanent;Objekt
LITURGY_41;Angriffslust; Der Geweihte kann bis zu QS/2 Ziele vor dem Wirken der Liturgie auswählen (inklusive sich selbst), die bis zum Ende der Wirkungsdauer +1 AT und +1 TP erhalten. Kann er durch seine erzielten QS weniger Ziele als geplant von der Angriffslust profitieren lassen, wählt der Spieler des Geweihten aus, wer die Boni der Liturgie erhält.;2 Aktionen;8 KaP;8 Schritt;5 KR;Kulturschaffende
LITURGY_42;Angriffswelle; Der Efferdgeweihte kann eine größere Wasserquelle (etwa das Meer, einen See oder einen Fluss) in Reichweite dazu bringen, eine Welle gegen seine Feinde zu schleudern. Jedem Gegner muss eine Probe auf *Körperbeherrschung (Balance)* erschwert um QS/2 gelingen, um nicht zu stürzen und den Status *Liegend* zu erleiden. Gegner der Größenkategorie riesig sind gegen die Auswirkungen der Welle immun.<br>;2 Aktionen;16 KaP;32 Schritt;sofort;Wesen
LITURGY_43;Auge des Jägers;Der Firungeweihte spürt die Anwesenheit und das Verhalten von Lebewesen innerhalb der Reichweite. Auf diesem Wege lassen sich auch versteckte oder hinter Deckung befindliche Lebewesen erkennen. Lediglich größere Mengen der Elemente Erz und Feuer blockieren die Sicht und das Gespür, etwa Steinwände oder Felsformationen. Durch die Liturgie können zwar Rückschlüsse auf die Art des Lebewesens gezogen werden, jedoch ist es nicht möglich, Gesichter oder andere detaillierte Züge auszumachen. Der Firungeweihte erhält eine Erleichterung von QS/2 auf *Tierkunde*, wenn die Liturgie bei der Jagd eingesetzt wird.;4 Aktionen;8 KaP;selbst;1 Stunde;Lebewesen
LITURGY_44;Bann der göttlichen Gaben;Das Ziel der Liturgie verliert bei Proben auf alle wohlgefälligen Talente der Gottheit des Geweihten 2 Punkte seines FW. Auch länger dauernde Handlungen sowie Sammelproben sind davon betroffen, solange sie während der Wirkungsdauer begonnen werden. Der FW kann durch die Liturgie nur bis auf 0 sinken, auch wenn der Abzug größer wäre.;2 Aktionen;8 KaP;Berührung;QS x 10 Minuten;Kulturschaffende
LITURGY_45;Bann wider Untote;Wird ein untotes Wesen mit der Liturgie belegt, erleidet es 3W6 + (QS x 3) SP.;2 Aktionen;8 KaP;8 Schritt;sofort;Untote
LITURGY_46;Bannstrahl; Der Bannstrahl richtet gegen einen Dämon 3W6+(QS x 3) SP an. Gegen Dämonen aus Blakharaz’ Domäne wird der Schaden verdoppelt. Der Bannstrahl trifft automatisch sein Ziel. Dieses kann sich dagegen nicht verteidigen. Die Wirkung der Liturgie ist nicht davon abhängig, ob der Himmel zu sehen ist. Der Strahl entsteht direkt beim Dämon, auf den die Liturgie wirken soll.;4 Aktionen;16 KaP;16 Schritt;sofort;Dämonen
LITURGY_47;Befreiung des Geistes;Die Liturgie hebt jegliche magische Beherrschung und Beeinflussung bei einem Ziel auf. Darunter fallen vor allem Zauber, Rituale und magische Handlungen des Merkmals *Einfluss*, betroffen sind aber ebenso vergleichbare magische Phänomene anderer Natur. Die Aufhebung gelingt nur, wenn die erreichte QS mindestens der QS des beherrschenden Zaubers entspricht. Das heißt, alle Zauber einer QS bis zur Höhe der durch die Liturgie erzielten QS werden aufgehoben. Handelt es sich um einen Zauber der Zielkategorie Zone, genügt es, wenn sich ein Teil der Zone innerhalb der Reichweite befindet. Magie mit permanent gespeicherten AsP ist von der Liturgie nicht betroffen.;4 Aktionen;8 KaP;Berührung;sofort;Kulturschaffende
LITURGY_48;Begnadeter Reiter;Alle Proben auf das Talent *Reiten* sind beim Reiten von Pferden um QS/2 Punkte erleichtert.;2 Aktionen;8 KaP;selbst;2 Stunden;Kulturschaffende
LITURGY_49;Besänftigung; Der Status *Blutrausch* endet bei dem Ziel nach 4–(QS/2) KR.;2 Aktionen;2 KaP;8 Schritt;sofort;Kulturschaffende
LITURGY_50;Bescheidenheit; Die Traviageweihte sucht sich innerhalb der Reichweite ein Ziel aus. Dieses erhält den Nachteil *Prinzipientreue I (Traviakirche)*.;4 Aktionen;4 KaP;8 Schritt;QS Stunden;Kulturschaffende
LITURGY_51;Beschwörung der gemeinen Diener des Rattenkindes;Ein zuvor ausgewählter gemeiner Dämon des Namenlosen erscheint (beispielsweise ein Ivash). Die Probe ist um die Anrufungsschwierigkeit des Dämons erschwert (mehr zu Beschwörungen siehe **Regelwerk** Seite **262**).;4 Aktionen;8 KaP;8 Schritt;sofort;Dämonen
LITURGY_52;Blendung; Das Ziel erhält den Status *Blind*.;8 Aktionen;16 KaP;4 Schritt;QS x 5 Minuten;Kulturschaffende
LITURGY_53;Blick des Heilers;Vor den Augen der Perainegeweihten leuchten alle Ziele innerhalb eines Radius von QS x 10 Schritt auf, die verwundet, vergiftet oder krank sind. Unterschieden werden sie dabei lediglich nach diesen drei Kategorien, während der genaue Ursprung des Leidens nicht ermittelt werden kann. Ebenso werden nur solche Ziele wahrgenommen, welche die Geweihte auch tatsächlich sehen kann, nicht solche in einem Versteck oder hinter Sichthindernissen.;4 Aktionen;4 KaP;selbst;sofort;Kulturschaffende
LITURGY_54;Blitzschlag; Aus dem Himmel fährt ein greller Blitz zur Erde nieder und trifft das vom Geweihten ausgewählte Ziel. Befindet es sich innerhalb eines Gebäudes, geht der Blitz von der Decke aus. Das getroffene Ziel erleidet 2W6+(QS x 2) SP, ein Ausweichen oder Abwehren ist nicht möglich.;4 Aktionen;16 KaP;16 Schritt;sofort;Wesen
LITURGY_55;Blutiger Zorn;QS Ziele erhalten den Status *Blutrausch*. Der die Liturgie wirkende Geweihte selbst kann nicht als Ziel ausgewählt werden. Der Blutrausch richtet sich nicht gegen den Geweihten.;2 Aktionen;16 KaP;8 Schritt;1 KR (statt der üblichen Zeit von 2W20 des Status Blutrausch);Kulturschaffende
LITURGY_56;Blutzoll; Für jeweils 9 volle SP, die der Korgeweihte mit einer einzigen AT gegen ein Ziel anrichtet, wird beim Geweihten eine beliebige seiner Zustandsstufen geheilt (außer *Belastung* und *Entrückung*).;2 Aktionen;16 KaP;selbst;QS x 2 KR;Kulturschaffende
LITURGY_57;Bodenweihe; Um einen vom Geweihten bestimmten Punkt innerhalb der Reichweite entsteht eine Zone von 4 Schritt Radius, die während der Wirkungsdauer als *geweiht* (siehe **Regelwerk** Seite **316**) zählt.;4 Aktionen;8 KaP;8 Schritt;QS x 10 Minuten;Zone
LITURGY_58;Dämonenwall; Die Liturgie erschafft eine von leichtem Flimmern, Lichteffekten oder anderen Zeichen der Götter begleitete, 3 Schritt im Radius messende Kuppel um den Geweihten herum. Die Kuppel ist eigentlich eine Kugel, da jedoch der Geweihte meistens auf dem Boden steht, ist die Kugelform nur selten relevant. Dämonen können in sie eindringen, aber alle ihre Angriffe (und somit die TP) werden innerhalb des Radius von der Kuppel absorbiert. Dämonen werden verlangsamt, oder ihre Angriffe werden von der Kuppel aufgesaugt wie Wasser von einem Schwamm. Zu diesem Zweck verfügt die Kuppel über eine Schildstärke in Höhe von KaP + (QS x 3), die TP in gleicher Höhe zu absorbieren vermag. Fällt die Schildstärke unter 1, bricht die Kuppel zusammen und die Liturgie endet.;1 Aktion;Mindestens 4 KaP;selbst;5 Minuten;Zone
LITURGY_59;Delphinruf; Durch diese Liturgie kann der Geweihte einen Delphin rufen, der den Geweihten oder eine andere Person (das Ziel der Liturgie) in der Nähe des Geweihten an Land bringt. Der Delphin braucht 7 – QS Minuten, bis er eintrifft. Das Tier wird keine anderen Gefälligkeiten ausführen außer der Rettung eines Ertrinkenden. Damit ein Delphin gerufen werden kann, muss diese Tierart in dem jeweiligen Gewässer heimisch sein.;4 Aktionen;8 KaP;16 Schritt (maximale Entfernung des zu Rettenden vom Geweihten; der Delphin kann aus einer größeren Distanz kommen);sofort;Kulturschaffende
LITURGY_60;Des Einen bezaubernder Sphärenklang;Diese Liturgie des Namenlosen erzeugt Bilder im Geist des Opfers und lässt es verführerische Melodien hören. Das Opfer erhält den Status *Hörigkeit* und ist dem Geweihten hörig. Es wird auch Freunde angreifen, wenn der Priester es befiehlt. Alle 5 Minuten ist eine Probe auf *Willenskraft (Bedrohungen standhalten)* erschwert um die QS der Liturgie erlaubt, um sich von der Beherrschung zu lösen. Auch zu Beginn der Wirkung ist diese Probe erlaubt.;1 Aktion;8 KaP;8 Schritt;QS x 3 Minuten;Kulturschaffende
LITURGY_61;Ehrlicher Vertrag;Im Rahmen von Vertragsverhandlungen sind Proben auf *Menschenkenntnis* für den Korgeweihten um QS/2 erleichtert.;4 Aktionen;8 KaP;selbst;2 Stunden;Kulturschaffende
LITURGY_62;Entfesselung; Leidet das Ziel unter dem Status *Bewegungsunfähig* oder *Fixiert*, wird dieser aufgehoben. Die genauen Umstände des Effekts hängen von der Art der Bindung ab. Fesseln beispielsweise lösen sich, während Fallen geöffnet werden und Treibsand ein Entkommen ermöglicht. Ist magisches oder karmales Wirken Ursache für den Status, kommt es nur dann zu einer Aufhebung, wenn die wirkende QS nicht höher ist als die QS der Entfesselungsliturgie.;2 Aktionen;8 KaP;4 Schritt;sofort;Kulturschaffende
LITURGY_63;Erdbeben; Innerhalb eines Radius von 8 Schritt um einen vom Geweihten bestimmten Punkt beginnt die Erde zu beben. Der Geweihte ist von der Wirkung selbst nicht betroffen, die Zone des Bebens verharrt an Ort und Stelle und bewegt sich nicht mit ihm mit. Alle darin befindlichen Wesen müssen pro KR 1 Akt aufwenden und eine Probe auf *Körperbeherrschung (Balance)* erschwert um QS/2 bestehen. Andernfalls gehen sie zu Boden und erhalten den Status *Liegend*. Feste Konstruktionen verlieren pro KR QS x 3 Strukturpunkte. Befindet sich im Wirkungsbereich ein mit Geröll, Schnee oder Schlamm bedeckter Abhang, wird eine Lawine ausgelöst.;4 Aktionen;16 KaP;16 Schritt;5 KR;Zone
LITURGY_64;Ernüchterung; QS/2 Stufen *Betäubung*, die durch Rauschmittel verursacht wurden, werden sofort abgebaut.;2 Aktionen;4 KaP;selbst;sofort;Kulturschaffende
LITURGY_65;Erzene Opfergabe;Metalle oder Steine, herkömmlicher wie edler Natur, können vom Ingerimmgeweihten wieder mit dem Fels verschmolzen werden. Der Geweihte muss sich jedes Mal bei Anwendung der Liturgie für Stein oder Metall entscheiden. Ist der Fels groß genug, verschluckt er die Opfergabe gänzlich, sodass sie von außen nicht mehr sichtbar ist. Dabei bleibt sie allerdings intakt und kann, wenn auch mühsam, auf profanem Weg geborgen werden. Die Opfergabe kann durch das Bergen beschädigt oder gar zerstört werden. Maximal können QS x 0,5 Stein zurückgegeben werden.;8 Aktionen;8 KaP;Berührung;sofort;Objekt (profane Objekte; Metalle und Steine)
LITURGY_66;Feuerwall; Um den Ingerimmgeweihten herum schießt eine kreisrunde und 3 Schritt hohe Wand aus Flammen aus dem Boden empor.<br>;2 Aktionen;16 KaP;selbst;5 Minuten;Zone
LITURGY_67;Friedfertigkeit; Innerhalb eines Radius von 4 Schritt um einen von der Tsageweihten bestimmten Punkt ist es kaum noch möglich, Handlungen durchzuführen, die anderen Lebewesen zum Schaden gereichen. Dabei spielt es keine Rolle, ob es sich dabei um bewaffnete Attacken, Zauber, Liturgien oder Vergiftungen handelt. Lediglich das Verteidigen ist weiterhin gestattet. Betroffen sind nur Ziele mit einer SK, die niedriger ist als die QS/2. Eine spontane Erhöhung der SK (etwa durch Zauber) während der Wirkungsdauer führt dazu, dass das Ziel nicht mehr von der Liturgie betroffen ist, sobald der SK-Wert die QS erreicht oder überschreitet.;4 Aktionen;4 KaP (Aktivierung der Liturgie) + 2 KaP pro 2 KR;selbst;aufrechterhaltend;Zone
LITURGY_68;Friedvoller Rausch;Das Ziel erleidet QS/2 Stufen *Betäubung* und fühlt sich dadurch in einem befriedigenden Rausch gefangen. Handlungen dürfen zwar unternommen werden, aber es dürfen keine Angriffe, egal ob durch bewaffnete Attacken, Zauber, Liturgien oder Vergiftungen, durch das Ziel ausgeübt werden. Sollte der Berauschte angegriffen werden, endet die Wirkung sofort.;2 Aktionen;8 KaP;16 Schritt;5 KR;Kulturschaffende
LITURGY_69;Froststurm; Um den Firungeweihten herum entsteht ein frostig kalter Wirbel mit einem Radius von 10 Schritt, der sich mit ihm bewegt. Die Temperatur (siehe **Regelwerk** Seite **346**) sinkt dadurch um QS/2 Stufen (maximal bis zu Kältestufe 4). Der Schritt von Hitzestufe 1 zu Kältestufe 1 zählt dabei als 1 Stufenveränderung.<br>;8 Aktionen;8 KaP (Aktivierung der Liturgie) + 4 KaP pro 5 Minuten;selbst;aufrechterhaltend;Zone
LITURGY_70;Gebieter der Flammen;Dem Ingerimmgeweihten ist es möglich, alleFlammen bis zur Größe eines Lagerfeuers zu kontrollieren, die innerhalb eines Radius von QS x 2 Schritt um ihn herum lodern. Dadurch vermag er die Flammen höherschlagen zu lassen (bis zur Größe eines Lagerfeuers), abzuschwächen oder sogar gänzlich zum Erlöschen zu bringen. Die Zone verharrt an Ort und Stelle, auch wenn sich der Geweihte bewegt.<br>;4 Aktionen;4 KaP (Aktivierung der Liturgie) + 2 KaP pro Minute;selbst;aufrechterhaltend;Zone
LITURGY_71;Geisterblick; Der Borongeweihte ist in der Lage, alle Geister zu sehen, die sich in einem Radius von QS x 3 Schritt befinden, selbst wenn sie mit bloßem Auge nicht sichtbar wären.;2 Aktionen;4 KaP (Aktivierung der Liturgie) + 2 KaP pro Minute;selbst;aufrechterhaltend;Kulturschaffende
LITURGY_72;Gesegneter Rausch;Bis zu QS/2 Grundeinheiten eines Rauschmittels verlieren nach Anwendung der Liturgie viele negative Eigenschaften. Sie können weiterhin den Geisteszustand der konsumierenden Person beeinflussen, werden jedoch keine Sucht herbeiführen, Kopfschmerzen hervorrufen oder Schaden/Zustände verursachen. Auch nach Ablauf der Wirkungsdauer tritt keine dieser Wirkungen ein, solange der Verzehr bereits erfolgt ist.;8 Aktionen;4 KaP;Berührung;QS x 30 Minuten;Objekt (profane Objekte; Rauschmittel)
LITURGY_73;Getreidewachstum; Der Ertrag von landwirtschaftlich genutztem Getreide (z. B. Weizen, Roggen, Reis) erhöht sich um QS x 5 %, wenn das Getreide angepflanzt wird.;16 Aktionen;4 KaP;Berührung;sofort;Pflanzen (landwirtschaftlich genutztes Getreide)
LITURGY_74;Goldene Hand;Durch eine Berührung kann ein Objekt bis zur Größe eines Apfels in Gold, Silber oder Edelsteine verwandelt werden. Der Wert des veränderten Objektes entspricht 50 Dukaten.;4 Aktionen;8 KaP;Berührung;QS Stunden;Objekt (profane Objekte, maximal so groß wie ein Apfel)
LITURGY_75;Goldene Rüstung;Die Haut des Betroffenen überzieht sich mit einem golden leuchtenden Schein, der ihm RS verleiht. Die Höhe des gewünschten RS muss der Geweihte vor der Probe festlegen. Maximal ist so ein RS von 3 möglich. Der RS ist kombinierbar mit anderem, profanem RS, nicht aber mit magischem RS. Gegen Dämonen und magische Angriffe verleiht die Liturgie noch einen Punkt zusätzlichen RS.;2 Aktionen;4 KaP für RS 1, 8 KaP für RS 2, 16 KaP für RS 3;selbst;QS x 3 Minuten;Kulturschaffende
LITURGY_76;Göttliche Klinge;Wird eine Nahkampfwaffe mit der Liturgie belegt, gilt sie während der Wirkungsdauer als der Gottheit *geweiht* (siehe Seite **69**).;4 Aktionen;8 KaP;Berührung;QS x 2 KR;Objekt (profane Objekte; Waffen)
LITURGY_77;Göttliche Verständigung;Der Geweihte sendet eine Gedankenbotschaft an den nächsten Geweihten seiner Tradition, der sich im Umkreis von QS x 5 Meilen befindet. Die Botschaftdarf aus maximal 12 Wörtern bestehen.;4 Aktionen;8 KaP;selbst;sofort;Kulturschaffende
LITURGY_78;Heiliger Befehl;Das Ziel befolgt einen einzigen Befehl des Geweihten, solange dieser nicht gegen die Prinzipien der Gottheit verstößt oder dem Selbsterhaltungstrieb des Ziels im groben Maße widerspricht. Der Betroffene wird also einen Diebstahl begehen, Fragen beantworten und dem Geweihten im Kampf beistehen, nicht aber von einer Klippe springen oder seine eigenen Hände verspeisen. Das Ziel vermag währenddessen nichts zu tun, das nicht explizit befohlen wurde oder zur Erfüllung des Befehls notwendig ist. Befehle werden dabei nicht zwangsläufig wortwörtlich befolgt, sondern im Sinne des Geweihten. Es ist also nicht möglich, die Anordnung aufgrund ungeschickter Vorgaben zu umgehen.;4 Aktionen;16 KaP;4 Schritt;QS x 2 KR;Kulturschaffende
LITURGY_79;Heiliges Liebesspiel;Alle Proben auf *Betören* sind für das Ziel um QS/2 Punkte erleichtert.;8 Aktionen;4 KaP;Berührung;QS x 30 Minuten;Kulturschaffende
LITURGY_80;Heilsame Quelle;Der Efferdgeweihte bohrt mit seinem Efferdbart oder einem vergleichbaren Gegenstand ein kleines Loch in den Boden. Durch die Liturgie entspringt aus dem Loch Wasser. Dieses ist für das erste Lebewesen, das aus der Quelle trinkt, ein einziges Mal heilkräftig. Es erhält so QS+2 LeP zurück. Wird das Wasser mehr als 1 Schritt von der Quelle fortgebracht, endet die heilsame Wirkung sofort. Die Quelle versiegt nach dem ersten Trinken oder dem Ende der Wirkungsdauer, je nachdem, was zuerst eintritt. Das Wasser kann nicht als Trinkwasser dienen, es stellt vielmehr reine Lebenskraft dar.;8 Aktionen;8 KaP;1 Schritt;QS Minuten;Zone
LITURGY_81;Heldenkraft; AT und Wurfwaffen-FK richten bei Gelingen QS/2 zusätzliche TP an.;2 Aktionen;8 KaP;selbst;5 KR;Kulturschaffende
LITURGY_82;Helfende Hand;Alle als Gruppensammelproben (siehe **Regelwerk** Seite **27**) abgelegten Proben erhalten insgesamt QS/2 Erleichterungen für die Teilnehmer, und zwar bei jedem Intervall der Probe. Die Probe muss eine traviagefällige Handlung unterstützen. Das letzte Wort, ob dies zutrifft, hat der Meister. Mindestens 2, maximal 3 Personen können von der Liturgie profitieren. Die Erleichterungen werden auf die Teilnehmer der Probe verteilt und können 1 pro Person nicht überschreiten.;16 Aktionen;8 KaP;Berührung;sofort (maximal 1 Woche);Kulturschaffende
LITURGY_83;Herbeirufung der Heerscharen des Rattenkindes (Ratten);Diese Liturgie ruft Ratten herbei, die häufig als Diener des Namenlosen angesehen werden. Die Tiere stehen unter der vollständigen Kontrolle des Geweihten und gehorchen seinen Befehlen. Es erscheinen QS x 5 Ratten aus dem Nichts.;1 Aktion;8 KaP;32 Schritt;QS x 3 Tage;Tiere (Ratten)
LITURGY_84;Herbeirufung der Heerscharen des Rattenkindes (Schakale);Diese Liturgie ruft Schakale herbei. Die Tiere stehen unter der vollständigen Kontrolle des Geweihten und gehorchen seinen Befehlen. Es erscheinen QS Schakale aus dem Nichts.;2 Aktionen;16 KaP;32 Schritt;QS Tage;Tiere (Schakale)
LITURGY_85;Herbeirufung der Heerscharen des Rattenkindes (Vampirfledermäuse);Diese Liturgie ruft Vampirfledermäuse herbei, die häufig als Diener des Namenlosen angesehen werden. Die Tiere stehen unter der vollständigen Kontrolle des Geweihten und gehorchen seinen Befehlen. Es erscheinen QS x 2+1 Vampirfledermäuse aus dem Nichts.;1 Aktion;8 KaP;32 Schritt;QS x 3 Tage;Tiere (Vampirfledermäuse)
LITURGY_86;Herbeirufung der Heerscharen des Rattenkindes (Wolfsspinnen);Diese Liturgie ruft Wolfsspinnen herbei, die häufig als Diener des Namenlosen angesehen werden. Die Tiere stehen unter der vollständigen Kontrolle des Geweihten und gehorchen seinen Befehlen. Es erscheinen QS x 3 Spinnen aus dem Nichts.;2 Aktionen;16 KaP;32 Schritt;QS Tage;Tiere (Wolfsspinnen)
LITURGY_87;Herr der Flammen;Der Geweihte kann alle Hitzestufen vollständig ignorieren (siehe **Regelwerk** Seite **348**). Kleidung und Gegenstände sind davon nicht betroffen. Die Liturgie bietet keinen Schutz vor Feuerschaden.;8 Aktionen;8 KaP;selbst;QS x 30 Minuten;Kulturschaffende
LITURGY_88;Hilfreiche Seele;Die Geweihte sucht sich innerhalb der Liturgiereichweite ein Ziel aus. Dieses erhält den Nachteil *Prinzipientreue I (Ifirnkirche)*.;4 Aktionen;4 KaP;8 Schritt;QS Stunden;Kulturschaffende
LITURGY_89;Innere Ruhe;Alle Proben auf *Selbstbeherrschung (Störungen ignorieren)* und *Willenskraft (Bedrohungen standhalten)* sind während der Wirkungsdauer um QS/2 erleichtert.;4 Aktionen;8 KaP;selbst;5 Minuten;Kulturschaffende
LITURGY_90;Klarer Geist;Durch diese Liturgie werden QS/2 Stufen des Zustands *Verwirrung* aufgehoben.;4 Aktionen;8 KaP;Berührung;sofort;Kulturschaffende
LITURGY_91;Kleine Windhose;Durch eine aufkommende kleine Windhose werden kleine Steine, Äste und andere lose Objekte der näheren Umgebung auf einen ausgewählten Feind geweht. Dieser erleidet dadurch 1W6+QS/2 TP, wenn ihm keine Probe auf Ausweichen gelingt. Unabhängig davon, ob die Probe gelungen oder misslungen ist, kann der Gegner sich bis zum Ende der nächsten KR aufgrund des Windes nur mit einer GS von 1 fortbewegen.;1 Aktion;8 KaP;16 Schritt;sofort;Lebewesen
LITURGY_92;Lebensschutz; Liegt die betroffene Person im Sterben, werden ihre LeP wieder auf 1 angehoben. Es dauert 4–QS/2 KR, bis die Person erwacht.;2 Aktionen;16 KaP;Berührung;sofort;Kulturschaffende
LITURGY_93;Liturgieschild; Die Liturgie erschafft eine von leichtem Flimmern, Lichteffekten oder anderen Zeichen der Götter begleitete Kuppel um den Geweihten, die von außen kommende karmale Angriffe absorbiert. Der Radius der Kuppel beträgt 3 Schritt, ihre Schildstärke entspricht den investierten KaP+(QS x 3). Sie kann ihre Schildstärke in Trefferpunkten an Schaden absorbieren, die von Schaden verursachenden Liturgien erzeugt werden (also Liturgien, die TP oder SP verursachen). Fällt die Schildstärke unter 1, bricht die Kuppel zusammen. Schaden, der nicht mehr absorbiert werden kann, trifft das eigentliche Ziel der Liturgie. Die Kuppel bewegt sich stets mit dem Geweihten. Geschützt durch die Wirkung sind auch alle, die innerhalb der Kuppel stehen. Die Kuppel ist eigentlich eine Kugel. Da jedoch der Geweihte meistens auf festem Boden steht, ist die Kugelform nicht erkennbar.;1 Aktion;8 KaP;selbst;5 Minuten;Zone
LITURGY_94;Mächtiger Angriff;Gelingt dem Geweihten eine Attacke, gleichgültig ob verteidigt oder nicht, kann er sich deren durchschnittliche TP notieren (durchschnittliche TP: 1W6 gilt als 4 + Faktor der Waffe; ein Schwert mit 1W6+4 würde also durchschnittliche TP von 4 + 4 = 8 verursachen) + Boni aus Schadensschwelle und SFs. Der Angriff erzeugt zu diesem Zeitpunkt keinen Schaden, die TP werden aber bei der nächsten gelungenen AT im Wirkungszeitraum aufaddiert. Maximal können so zwei Attacken gestapelt werden.<br>;2 Aktionen;8 KaP;selbst;QS x 3 KR;Kulturschaffende
LITURGY_95;Magiebann; Mit der Liturgie kann ein Zauber aufgehoben werden, solange dessen QS nicht größer ist als die QS der Liturgie. Die Liturgie wirkt lediglich gegen Zauber, auch wenn diese durch ein Artefakt wirken. Wurden beim Wirken der Magie permanente AsP investiert, kann der Effekt nicht aufgehoben werden.;4 Aktionen;8 KaP + KaP in Höhe der AsP des gewirkten Zaubers;Berührung;sofort;alle
LITURGY_96;Magiespiegel; Wird der Geweihte Ziel eines Angriffszaubers, kann er diesen mittels Raufen oder seines Zeremonialgegenstandes (falls dieser als Waffe einsetzbar und einer Kampftechnik zugeordnet ist) auf seinen Gegner zurückschleudern. Hierzu ist eine Parade erforderlich, die um 4 Punkte erschwert ist. Gelingt diese, wird der Zauber auf den Anwender zurückgeworfen und erreicht sein neues Ziel zu Beginn der nächsten KR. Als Angriffszauber gelten alle Zauber, die TP oder SP verursachen und bei denen mindestens 1 Würfel geworfen wird.<br>;4 Aktionen;8 KaP (Aktivierung der Liturgie) + 4 KaP pro 5 KR;selbst;aufrechterhaltend;Kulturschaffende
LITURGY_97;Maske; Der Phexgeweihte kann sein Gesicht als ein beliebiges anderes erscheinen lassen. Soll es sich dabei um das Antlitz einer speziellen Person handeln, muss der Geweihte diese gut kennen oder während der Liturgiedauer sehen können. Körper, Stimme und Kleidung sind nicht von der Liturgie betroffen. Durch die Liturgie erhält der Geweihte eine Erleichterung von QS/2 auf *Verkleiden (Kostümierung* oder *Personen imitieren)*.;4 Aktionen;8 KaP;selbst;30 Minuten;Kulturschaffende
LITURGY_98;Mit Dummheit schlagen;Die KL des Ziels sinkt um QS/2.;2 Aktionen;8 KaP;Berührung;2 Stunden;Kulturschaffende
LITURGY_99;Motivation; Bis zu QS Wiederholungsproben innerhalb der Wirkungsdauer sind nicht erschwert. Es können dabei unterschiedliche Talente und Proben von der Wirkung profitieren. Voraussetzung der Proben ist jedoch immer, dass die Talente unter tsagefälligen Aspekten eingesetzt werden.;4 Aktionen;4 KaP;Berührung;2 Stunden;Kulturschaffende
LITURGY_100;Namenlose Kälte;Innerhalb eines Radius von QS x 20 Schritt um den Geweihten herum sinkt die Temperatur um QS Stufen, maximal bis Stufe 4 (siehe **Regelwerk** Seite **346**). Der Schritt von Hitzestufe 1 zu Kältestufe 1 zählt dabei als 1 Stufenveränderung.;4 Aktionen;16 KaP;selbst;30 Minuten;Zone
LITURGY_101;Namenlose Raserei;Das Opfer der Liturgie erhält den Status *Blutrausch*.;4 Aktionen;16 KaP;8 Schritt;sofort;Lebewesen
LITURGY_102;Namenlose Zweifel;Die betroffene Person stellt innerhalb des Wirkungszeitraums ihre eigenen moralischen Vorstellungen in Frage und verliert den Glauben an ihre Götter oder ihre Prinzipien. Während der Wirkungsdauer sind Opfer der Liturgie bereit, Nachteile wie *Prinzipientreue* und *Verpflichtungen* zu ignorieren oder ins Gegenteil zu verkehren. Überzeugte Vegetarier essen Fleisch, ehrenhafte Krieger kämpfen aus dem Hinterhalt und ein Novadi wird sich achtlos über jedes der 99 Gesetze hinwegsetzen.;4 Aktion;16 KaP;16 Schritt;QS x 3 Tage;Kulturschaffende
LITURGY_103;Namenloses Vergessen;Die Liturgie verdrängt jegliche Erinnerung des Opfers an sein früheres Leben. Der Geweihte kann dem Opfer bestimmte Ziele suggerieren und ihm einreden, dass sie auf der gleichen Seite stehen.;2 Aktionen;8 KaP;Berührung;QS x 3 Tage;Kulturschaffende
LITURGY_104;Obsession; Ein von der Liturgie betroffenes Ziel widmet seine gesamte Aufmerksamkeit einer vom Geweihten bestimmten, rahjagefälligen Sache. Geht es dem Drang nicht nach, erleidet es QS/2 Erschwernisse auf Proben (mit eventueller Ausnahme seiner wohlgefälligen Talente, sofern es als Geweihter darüber verfügt).;4 Aktionen;8 KaP;Berührung;30 Minuten;Kulturschaffende
LITURGY_105;Offenlegung des Geistes;Der Geweihte kann die Gedanken des Ziels lesen. Er kann nur erkennen, was das Ziel gerade denkt, nicht jedoch gezielt in dessen Erinnerungen forschen. Das Ziel kann mit einer Erfolgsprobe auf *Sinnesschärfe* erschwert um die QS des Geweihten entdecken, dass etwas Fremdes in seine Gedanken blickt. Mit einer um die QS der Liturgieprobe erschwerten Probe auf *Willenskraft* kann es gezielt Gedanken mit irreführenden Informationen aussenden oder seine Gedanken mit nutzlosem Durcheinander, inneren Monologen oder Gesang füllen.;2 Aktionen;8 KaP (Aktivierung der Liturgie) + 4 KaP pro 30 Sekunden;Berührung;aufrechterhaltend;Kulturschaffende
LITURGY_106;Opfergang; Während der Wirkungsdauer kann der Rondrageweihte den Zustand *Schmerz* ignorieren und wird nicht handlungsunfähig, wenn seine LeP auf 0 oder darunter sinken. Nichtsdestotrotz stirbt er entsprechend den normalen Regeln, wenn die negative Lebensenergie seine KO übersteigt (siehe **Regelwerk** Seite **338**). Zu diesem Zweck werden die erlittenen SP vom Spielleiter verdeckt notiert. Nach Ablauf der Wirkungsdauer treten die Auswirkungen des Zustands und der niedrigen LeP wieder ein, wodurch der Geweihte durchaus schlagartig handlungsunfähig werden kann. Zusätzlich erhält er 3 Stufen des Zustands *Betäubung*. Der Zeitraum für die Rettung von der Schwelle des Todes beginnt ab dem Ende der Wirkungsdauer (siehe **Regelwerk** Seite **340**). Während der Wirkung der Liturgie bekommt der Geweihte zudem einen Bonus von QS/2 auf alle AT.;4 Aktionen;16 KaP;selbst;ein Kampf, maximal 2 Stunden (der Meister hat das letzte Wort darüber);Kulturschaffende
LITURGY_107;Pech und Schwefel;Aus den Fingern des Geweihten schießt ein Strahl schwarzer oder purpurner Flammen, der in gerader Linie sein Ziel trifft. Der Geweihte muss keine zusätzliche Aktion aufwenden, um nach dem Wirken der Liturgie zu treffen. Das Treffen ist in der Liturgiedauer inbegriffen. Das getroffene Ziel erleidet 2W6+(QS x 2) TP Schaden. Trifft der Flammenstrahl sein Ziel, werden die TP durch den RS des Ziels vermindert. Das Ziel erhält zudem bei 1-3 auf 1W6 1 Stufe des Zustands *Furcht*. Der Strahl trifft automatisch, wenn man sich nicht verteidigt. Er zählt jedoch als Fernkampfangriff mit einer Schusswaffe und kann dementsprechend auch geblockt werden. Ausweichen ist ebenso möglich. An Schilden erzeugt er Strukturschaden, wenn er auf sie trifft.;2 Aktionen;8 KaP;16 Schritt;sofort;alle
LITURGY_108;Rattenschwarm; Der Geweihte des Namenlosen verwandelt sich auf der Stelle in einen Schwarm Ratten (Werte siehe Seite **125**). Die Anzahl der Ratten entspricht der Höhe seiner maximalen Lebensenergie. Während der Wirkungsdauer besitzt der Geweihte die Kontrolle über jedes einzelne Tier. Die Ratten müssen am Ende der Wirkungsdauer zusammenkommen, damit der Geweihte wieder er selbst werden kann. Solange dann noch genug Tiere am Leben sind und sich berühren, kann der Körper des Geweihten neu gebildet werden. Je nach QS ist dafür eine Mindestmenge an Ratten notwendig: QS 1 und 2: 50 %, QS 3 und 4: 25 %, QS 5 und 6: 10 %. Ratten, die sich am Ende der Wirkungsdauer nicht bei der Mehrheit der übrigen Tiere befinden, sterben sofort. Der neue Körper des Geweihten weist den Schaden auf, den er vor der Verwandlung erlitten hatte. Getötete Ratten kosten ihn zudem weitere Anteile seiner LeP. Dies muss mit seinem aktuellen LeP-Stand prozentual verrechnet werden. Dies gilt auch für Zustände, Status und andere Energien. Der Geweihte kann weder Liturgien oder Zauber in Rattengestalt wirken noch sprechen. Die Ratten gelten als dem Namenlosen geweiht.;2 Aktionen;8 KaP;selbst;13 Stunden;Kulturschaffende (nur der Geweihte selbst)
LITURGY_109;Ruf der Heimat;Der Geweihte vermag zu spüren, in welcher Richtung sich sein Heimattempel befindet. Zu der Entfernung oder der tatsächlichen Erreichbarkeit des gesuchten Ziels kann er jedoch keine Angaben machen. Er bekommt eine Begabung auf *Orientierung*, wenn er durch die Kenntnis, wo sich sein Heimattempel befindet, andere geographische Punkte verorten will.;8 Aktionen;4 KaP;selbst;QS x 30 Minuten;Kulturschaffende
LITURGY_110;Schleichende Fäulnis;Das Opfer dieser Liturgie kann während Regenerationsphasen keine LeP mehr regenerieren, sondern erleidet stattdessen pro Tag 2W6 SP (üblicherweise bei Sonnenuntergang). Stirbt das Opfer durch diesen Schaden, verwandelt sich der Körper binnen 13 Stunden in grünen Schleim.;2 Aktionen;16 KaP;Berührung;QS Tage;Kulturschaffende
LITURGY_111;Schutzsegen; Der Schutzsegen kann einige als unheilig geltende Wesen von einem Gebiet fernhalten. Folgende Typen von Wesen können ferngehalten werden: Untote (Hirnlose), niedere Dämonen jeglicher Art oder bis zu fünfgehörnte Dämonen der Domäne der Gegengottheit des Geweihten. Bei Errichtung des Schutzsegens muss entschieden werden, gegen welchen Typ Wesenheit er wirken soll. Solche Wesen können während der Wirkungsdauer das gesegnete Gebiet nicht betreten. Sind solche Wesen gezwungen, das Gebiet zu betreten, dann versuchen sie sofort, sich wieder aus diesem zurückzuziehen.<br>;4 Aktionen;4 KaP (Aktivierung der Liturgie) + 2 KaP pro 5 KR;4 Schritt;aufrechterhaltend;Zone
LITURGY_112;Schwindende Zauberkraft;Dieser Magiebann wirkt auf eine stationäre Zone von 8 Schritt Radius. Der Bann sorgt einerseits für Erschwernisse beim Zaubern, andererseits entzieht er einem Zauberer beim Aufenthalt in der Zone Astralenergie. Alle Zauber erhalten in der Zone eine Erschwernis von 1 und kosten die doppelte Menge an AsP. Am Ende einer KR verliert ein Zauberer zudem 1 AsP.;2 Aktionen;16 KaP;selbst;QS x 3 KR;Kulturschaffende
LITURGY_113;Seelenschatten; Der Namenloser-Geweihte kann durch diese Liturgie besser verbergen, dass er ein Diener des verbannten Gottes ist. Alle Proben, die seiner Überprüfung dienen (*Menschenkenntnis*, RESPONDAMI, BLICK IN DIE GEDANKEN, Wahrheit), sind um QS erschwert.;2 Aktionen;8 KaP (Aktivierung der Liturgie) + 4 KaP für 5 Stunden;selbst;aufrechterhaltend;Kulturschaffende
LITURGY_114;Seevogelsprache; Die Liturgie gestattet es dem Geweihten, mit einem beliebigen Seevogel zu sprechen. Der Vogel kann dem Geweihten auf Fragen antworten, jedoch sind diese Antworten stets aus der Sicht des Tieres geschildert und daher manchmal für Menschen schwer verständlich.;4 Aktionen;8 KaP;selbst;QS x 3 in Minuten;Kulturschaffende
LITURGY_115;Sicherer Weg;Der Avesgeweihte erhält während der Wirkungsdauer in natürlichem Gelände, etwa in Wäldern, Sümpfen und Bergen, eine Erleichterung von QS/2 auf alle Proben, um Gefahren des Wegs zu entgehen. Dabei kann es sich z. B. um Sumpflöcher, Steinschläge, Hängebrücken o. Ä. handeln. Meist sind davon Probenauf *Körperbeherrschung* oder Ausweichen betroffen. Kämpfe jeglicher Art dagegen sind davon ebenso ausgenommen wie die Fallen eines Jägers.;8 Aktionen;4 KaP (Aktivierung der Liturgie) + 2 KaP pro 30 Minuten;selbst;aufrechterhaltend;Kulturschaffende
LITURGY_116;Sturmruf; Um den Geweihten entsteht ein tobender Sturm mit einem Radius von QS/2 x 10 Schritt. Alle darin befindlichen Wesen der Größenkategorie winzig bis mittel werden umgeworfen und erhalten den Status *Liegend*, wenn ihnen nicht zu Beginn der Wirkungsdauer eine Probe auf *Körperbeherrschung (Balance)* gelingt. Danach ist eine solche Probe nur noch bei besonders aufwendigen Handlungen notwendig. Der Meister hat hierbei das letzte Wort. Alle Wesen im Radius erleiden –4 auf AT und Verteidigung. Fernkampfangriffe, die zumindest teilweise die Zone durchqueren, scheitern automatisch. Der Geweihte selbst ist von all diesen Auswirkungen nicht betroffen.;8 Aktionen;8 KaP (Aktivierung der Liturgie) + 4 KaP pro 5 KR;selbst;aufrechterhaltend;Zone
LITURGY_117;Tiere beruhigen;Das betroffene Tier verliert jegliche Aggressivität und greift von sich aus niemanden mehr an. Wird es selbst Opfer von Attacken, setzt es sich jedoch notfalls auch offensiv zur Wehr.;2 Aktionen;4 KaP;8 Schritt;QS x 3 Minuten;Tiere
LITURGY_118;Tierleid lindern;Durch diese Liturgie werden QS/2 Stufen *Furcht* oder *Schmerz* aufgehoben. Die Senkung kann auch auf beide Zustände verteilt werden.;8 Aktionen;8 KaP;Berührung;sofort;Tiere
LITURGY_119;Tiersprache; Die Liturgie gestattet es dem Geweihten, mit einem beliebigen Wildtier zu sprechen. Das Wildtier kann dem Geweihten auf Fragen antworten, jedoch sind diese Antworten stets aus der Sicht des Tieres geschildert und daher manchmal für Menschen schwer verständlich.;4 Aktionen;8 KaP;selbst;QS Minuten;Kulturschaffende
LITURGY_120;Treuer Begleiter;Das nächste harmlose Tier, das den Weg des Geweihten kreuzt, ist so neugierig auf ihn, dass es sich ihm freiwillig als Begleiter anschließt. Das Tier hält sich gern in der Nähe des Geweihten auf, aber wenn es schlecht behandelt wird – wozu auch jeder Versuch zählt, es zu töten und zu verspeisen –, flieht es, was die Wirkung der Liturgie beendet.<br>;8 Aktionen;4 KaP;selbst;QS/2 Tage;Kulturschaffende
LITURGY_121;Unterwasseratmung; Der Geweihte kann sowohl normale Luft als auch Wasser atmen. Er kann grundsätzlich 5 Minuten pro QS unter Wasser atmen + zusätzlich je nach KaP-Einsatz.;4 Aktionen;4 KaP (Aktivierung der Liturgie) +2 KaP pro 15 Minuten;selbst;aufrechterhaltend;Lebewesen
LITURGY_122;Versteinerung; Das Ziel erhält am Ende jeder KR nach dem Wirken der Liturgie 1 Stufe *Paralyse*. Bei Stufe IV erleidet das Ziel den Status *Versteinert*. Es wird dadurch aber nicht getötet.;4 Aktionen;16 KaP;4 Schritt;QS x 3 KR;Kulturschaffende
LITURGY_123;Wasserlauf; Mit Hilfe dieser Liturgie kann der Geweihte über Wasser laufen, ganz so, als ob er über Erde gehen würde. Bei starkem Wellengang kann der Meister entscheiden, dass die GS des Geweihten sinkt.;8 Aktionen;8 KaP;selbst;QS x 3 Minuten;Lebewesen
LITURGY_124;Windhose; Durch eine aufkommende Windhose werden kleine Steine, Äste und andere lose Objekte der näheren Umgebung auf einen ausgewählten Feind geweht. Dieser erleidet dadurch 2W6+QS TP, wenn ihm keine Probe auf Ausweichen erschwert um 2 gelingt. Unabhängig davon, ob die Probe gelungen oder misslungen ist, kann der Gegner sich bis zum Ende der nächsten KR aufgrund des Windes nur mit einer GS von 1 fortbewegen.;2 Aktionen;8 KaP;16 Schritt;sofort;Lebewesen
LITURGY_125;Windruf; Der Geweihte ruft Wind herbei, um die Segel eines Schiffes zu füllen und so die Reise zu beschleunigen. Das Schiff gewinnt hierdurch QS Punkte an GS dazu.;8 Aktionen;8 KaP;selbst;30 Minuten;Objekt (profane Objekte; Segel)
LITURGY_126;Zähe Haut;Der Geweihte erhält einen natürlichen RS von 1, der mit dem RS von Rüstungen kombiniert werden kann. Die Belastung erhöht sich dabei nicht.;1 Aktion;4 KaP;selbst;QS x 2 KR;Kulturschaffende
LITURGY_127;Ächtung (Exkommunikation);Die betroffene Person wird aus dem Kreis der Initiaten des Pantheons ausgestoßen und erhält den Makel des Frevlers (siehe **Aventurisches Götterwirken** Seite **71**).<br>;30 Minuten;16 KaP, davon 2 KaP permanent;Berührung;permanent bzw. bis zur Buße;Kulturschaffende (Initiat des Pantheons des Geweihten)
LITURGY_128;Aufnahme (Initiation);Der Seele des Betroffenen eröffnet sich die Möglichkeit, in ein Paradies der Götter einzukehren. Der Initiat wird immer in die Glaubensgemeinschaft des Pantheons des Geweihten aufgenommen, der die Zeremonie wirkt (siehe Seite **67**). Handelt es sich also um einen beliebigen Geweihten der Zwölfgötter, ist das entsprechende Pantheon das der Zwölfe und nicht nur eine einzelne Gottheit.;30 Minuten;8 KaP, davon 1 KaP permanent;Berührung;sofort;Kulturschaffende
LITURGY_129;Ausbrennen (Purgation);Die betroffene Person verliert den Vorteil *Zauberer *und die daran gekoppelte Sonderfertigkeit der Tradition, magische Sonderfertigkeiten, magische Vor- und Nachteile sowie Zauber. Sie erhält aber alle dafür ausgegebenen AP zurück.<br>;2 Stunden;32 KaP, davon 4 KaP permanent;Berührung;permanent;Kulturschaffende
LITURGY_130;Bannfluch (Anathema);Die betroffene Person wird aus dem Kreis der Initiaten des Pantheons ausgestoßen und erhält den Makel des Verdammten (siehe Seite **72**).<br>;8 Stunden;128 KaP, davon 12 permanent;Berührung;permanent;Kulturschaffende (Initiat des Pantheons des Geweihten)
LITURGY_131;Berauschender Wein;Bis zu QS Liter Wasser werden in schmackhaften Wein der gleichen Menge verwandelt. Leichte Verunreinigungen gehen dabei verloren, grob verschmutztes Wasser bringt jedoch einen ebenso verschmutzten Rebensaft hervor. Auch die Wirkung eines enthaltenen Gifts geht nicht verloren.;5 Minuten;4 KaP;Berührung;sofort;Objekt (profane Objekte; Wasser)
LITURGY_132;Beschwörung der hohen Diener des Rattenkindes;Ein zuvor ausgewählter hoher Dämon des Namenlosen erscheint (beispielsweise ein Grakvaloth). Die Probe ist um die Anrufungsschwierigkeit des Dämons erschwert (mehr zu Beschwörungen siehe **Regelwerk** Seite **262**).;5 Minuten;16 KaP;8 Schritt;sofort;Dämonen
LITURGY_133;Beschwörung der machtvollen Diener des Rattenkindes;Ein zuvor ausgewählter machtvoller Dämon des Namenlosen erscheint (beispielsweise Maruk-Methai). Die Probe ist um die Anrufungsschwierigkeit des Dämons erschwert (mehr zu Beschwörungen siehe **Regelwerk **Seite **262**).;30 Minuten;32 KaP;8 Schritt;sofort;Dämonen
LITURGY_134;Bild für die Ewigkeit;Während der Wirkungsdauer aufgenommene visuelle Sinneseindrücke brennen sich permanent in das Gedächtnis des Betroffenen ein.;30 Minuten;4 KaP;selbst;QS x 2 Minuten;Kulturschaffende
LITURGY_135;Blick in die Flammen;Der Geweihte vermag in schemenhaften Visionen zu erkennen, wodurch ein noch loderndes oder schon lange erloschenes Feuer ausgelöst wurde. Er kann ganz genau sagen, wann es entzündet und wann es gelöscht wurde. Details wie das Gesicht eines eventuellen Brandstifters lassen sich jedoch nicht ausmachen.;5 Minuten;2 KaP;4 Schritt;sofort;alle
LITURGY_136;Delphingestalt; Der Geweihte verwandelt sich in einen Delphin. Hierbei wird die Kleidung nicht mitverwandelt. In der Delphingestalt behält der Geweihte seine geistigen Eigenschaften und erhält die körperlichen Eigenschaften (FF, GE, KO, KK) sowie die Fähigkeiten des Delphins. Zudem kann er QS x 2 Punkte zusätzlich auf die körperlichen Eigenschaften des Delphins verteilen. Abgeleitete Werte ändern sich dadurch nicht. In der Delphingestalt vermag er keine übernatürlichen Fähigkeiten wie Zauber und Liturgien zu wirken, gilt jedoch als *gesegnet* (siehe **Regelwerk** Seite **316**).;30 Minuten;16 KaP;selbst;QS x 3 in Stunden;Lebewesen (nur der Geweihte selbst)
LITURGY_137;Eidechsengestalt; Die Geweihte verwandelt sich in eine Eidechse. Hierbei wird die Kleidung nicht mitverwandelt. In der Eidechsengestalt behält die Geweihteihre geistigen Eigenschaften und erhält die körperlichen Eigenschaften sowie die Fähigkeiten der Eidechse. Zudem kann sie QS x 2 Punkte zusätzlich auf die körperlichen Eigenschaften der Eidechse verteilen. In der Eidechsengestalt vermag sie keine übernatürlichen Fähigkeiten wie Zauber und Liturgien zu wirken, gilt jedoch als gesegnet.;30 Minuten;8 KaP;selbst;QS x 3 Stunden;Lebewesen (nur die Geweihte selbst)
LITURGY_138;Eisbärgestalt; Der Geweihte verwandelt sich in einen Eisbären. Hierbei wird die Kleidung nicht mitverwandelt. In der Eisbärengestalt behält der Geweihte seine geistigen Eigenschaften und erhält die körperlichen Eigenschaften sowie die Fähigkeiten des Bären. Zudem kann er QS x 2 Punkte zusätzlich auf die körperlichen Eigenschaften des Bären verteilen. In der Bärengestalt vermag er keine übernatürlichen Fähigkeiten wie Zauber und Liturgien zu wirken, gilt jedoch als gesegnet.;30 Minuten;16 KaP;selbst;QS x 3 Stunden;Lebewesen (nur der Geweihte selbst)
LITURGY_139;Erinnern; Der Geweihte kann eine einzelne seiner Erinnerungen detailliert hervorrufen, auch wenn sie schon länger verschüttet und vergessen ist. Nach Ablauf der Wirkungsdauer ist sie wieder dem normalen Vergessensprozess unterworfen. Die Erinnerung darf maximal QS Tage zurückliegen und muss vom Betroffenen bewusst wahrgenommen worden sein. Gelöschte Erinnerungen können durch die Zeremonie nicht wieder ins Gedächtnis gerufen werden, unterdrückte oder vergessene hingegen schon.;30 Minuten;8 KaP;selbst;sofort;Kulturschaffende
LITURGY_140;Fest der Freude;Alle innerhalb eines Radius von QS x 5 Schritt abgehaltenen Feierlichkeiten werden als besonders festlich und berauschend empfunden. Selbst wenn die tatsächliche Qualität der Veranstaltung Mängel aufweist, wird man sie positiv in Erinnerung behalten. Als Zentrum der Zone gilt zu Wirkungsbeginn die Rahjageweihte, danach verharrt die Zone an diesem Ort. Die Zeremonie muss vor Beginn des Festes gewirkt werden, ansonsten misslingt sie automatisch.;30 Minuten;8 KaP;selbst;6 Stunden;Zone
LITURGY_141;Frostschutz; Der Firungeweihte erleidet kaum noch negative Auswirkungen durch eine kalte Umgebung. Für ihn gilt die Kältestufe als um QS/2 gesenkt.;5 Minuten;4 KaP (Aktivierung der Zeremonie) + 2 KaP pro 30 Minuten;selbst;aufrechterhaltend;Kulturschaffende
LITURGY_142;Fruchtbarkeit; Die Zeremonie wird gleichzeitig auf zwei Kulturschaffende, einen Mann und eine Frau, gewirkt. Die Wahrscheinlichkeit einer Schwangerschaft steigt für das gesegnete Paar um 30 %. Unfruchtbare Personen werden durch die Zeremonie aber nicht fruchtbar und auch Verhütungsmittel funktionieren wie gewohnt.;30 Minuten;4 KaP;Berührung;QS/2 Tage;Kulturschaffende
LITURGY_143;Fuchsgestalt; Die Geweihte verwandelt sich in einen Rotfuchs. Hierbei wird die Kleidung nicht mitverwandelt. In der Fuchsgestalt behält die Geweihte ihre geistigen Eigenschaften und erhält die körperlichen Eigenschaften sowie die Fähigkeiten des Fuchses. Zudem kann sie QS x 2 Punkte zusätzlich auf die körperlichen Eigenschaften des Fuchses verteilen. In der Fuchsgestalt vermag sie keine übernatürlichen Fähigkeiten wie Zauber und Liturgien zu wirken, gilt jedoch als gesegnet.;30 Minuten;8 KaP;selbst;QS x 3 Stunden;Lebewesen (nur die Geweihte selbst)
LITURGY_144;Gänsegestalt; Der Geweihte verwandelt sich in eine Gans. Hierbei wird die Kleidung nicht mitverwandelt. In der Gänsegestalt behält der Geweihte seine geistigen Eigenschaften und erhält die körperlichen Eigenschaften sowie die Fähigkeiten der Gans. Zudem kann er QS x 2 Punkte zusätzlich auf die körperlichen Eigenschaften der Gans verteilen. In der Gänsegestalt vermag er keine übernatürlichen Fähigkeiten wie Zauber und Liturgien wirken, gilt jedoch als gesegnet.;30 Minuten;8 KaP;selbst;QS x 3 Stunden;Lebewesen (nur der Geweihte selbst)
LITURGY_145;Geschwinder Schritt;Während der Wirkungsdauer kann der Geweihte ohne Erschöpfung zu Fuß unterwegs sein. Die Reisestrecke erhöht sich um QS x 10 % für eine Tagesleistung Fußmarsch (siehe **Strategische Bewegung** im **Regelwerk** auf Seite **248**).;5 Minuten;2 KaP;selbst;8 Stunden;Kulturschaffende
LITURGY_146;Göttliche Erkenntnis;Der Nandusgeweihte bekommt eine Begabung für die nächste Probe auf ein Wissenstalent, das er innerhalb der Wirkungsdauer benutzt.;5 Minuten;4 KaP;selbst;QS x 10 Minuten;Kulturschaffende
LITURGY_147;Greifenruf; Durch diese Zeremonie kann der Geweihte einen Greifen rufen, der ihn oder eine andere Person in seiner Nähe durch die Lüfte zu tragen vermag oder an seiner Seite kämpft. Karma wird dieser jedoch nicht für den Geweihten einsetzen. Der Greif erscheint am Ende der Zeremoniedauer.;8 Stunden;32 KaP;selbst;QS/2 Stunden;Kulturschaffende
LITURGY_148;Guter Fang;Das Ziel der Zeremonie erhält bei der nächsten Probe während der Wirkungsdauer eine Erleichterung von QS/2 auf *Fischen & Angeln* und bei Gelingen der Probe +1 QS (bis zu einem Maximum von 6), wenn es um Nahrungsbeschaffung geht.;5 Minuten;4 KaP;Berührung;QS Stunden;Kulturschaffende
LITURGY_149;Häutung; Die Haut der Tsageweihten fällt von ihrem Körper ab und offenbart ein gänzlich neues Antlitz. Die Geweihte kann dabei nicht bestimmen, wie sie künftig aussehen wird. Es handelt sich vielmehr um ein zufälliges anderes Gesicht, allerdings bleiben Alter, Geschlecht, Statur, Größe, Augen- und Haarfarbe erhalten. Änderungen der Spezies sind nicht möglich, auch nicht bei deren Untergruppen (etwa Thorwaler/Waldmensch/ Tulamide bei Menschen). Sämtliche körperlichen Vor- und Nachteile wie *Gutaussehend*, *Stigma* und *Hässlich* bleiben dabei erhalten. Die Häutung dauert 7–QS Stunden.;32 Stunden;32 KaP, davon 2 permanent;selbst;sofort;Kulturschaffende
LITURGY_150;Heiliger Schwur;Der Schwur kann auf eine oder zwei Personen wirken. Eine Person allein legt einen Eid vor den Göttern ab, während im Fall von zwei Personen diese einander gegenseitig einen Schwur leisten. Dem Schwur kann nur zuwidergehandelt werden, wenn eine um die QS/2 erschwerte Probe auf *Willenskraft* gelingt. Ein heiliger Schwur muss freiwillig geleistet werden.<br>;5 Minuten;8 KaP;Berührung;bis Schwur endet;Kulturschaffende
LITURGY_151;Herr der Meere;Die GS eines Schiffs, das mit der Zeremonie belegt wurde, verdoppelt sich.<br>;30 Minuten;16 KaP;Berührung;8 Stunden bzw. eine Tagesstrecke;Objekt (profane Objekte; Schiffe)
LITURGY_152;Hilfe in der Not;Die Ifirngeweihte vermag zu spüren, in welcher Richtung sich die nächste Person befindet, die Not leidet (d. h. sie hat Hunger, ist verletzt, erfriert oder hat sich verlaufen). Zu der Entfernung oder der tatsächlichen Erreichbarkeit des gesuchten Ziels kann sie jedoch keine Angaben machen.;5 Minuten;4 KaP;selbst;QS x 30 Minuten;Kulturschaffende
LITURGY_153;Inspiration; Alle Talentproben, die der Schaffung eines rein künstlerischen Werks dienen, sind um QS/2 Punkte erleichtert. Die Zeremonie hat keine Auswirkung auf die Schaffung von Objekten, bei denen der praktische Nutzen im Vordergrund steht, selbst wenn künstlerische Elemente eingebracht werden. Das Schmieden eines zum Kampf geeigneten Schwerts ist also auch dann nicht erleichtert, wenn es mit Verzierungen versehen wird. Generell kann die Zeremonie nicht zum Erschaffen von Waffen und Rüstungen oder für das Talent *Alchimie* verwendet werden. Voraussetzung der Proben ist jedoch immer, dass die Talente unter göttergefälligen Aspekten eingesetzt werden.;5 Minuten;8 KaP;selbst;6 Stunden;Kulturschaffende
LITURGY_154;Jagdglück; Der Geweihte bekommt eine Begabung für die nächste *Tierkunde*-Probe bei der Jagd innerhalb der Wirkungsdauer.;5 Minuten;4 KaP;selbst;QS/2 Stunden;Kulturschaffende
LITURGY_155;Jugendlichkeit; Während der Wirkungsdauer wird die Alterung der betroffenen Person ausgesetzt.;32 Stunden;32 KaP;selbst;QS Monate;Kulturschaffende
LITURGY_156;Kleine Moralstärkung;Durch diese Zeremonie kann der Efferdgeweihte die Mannschaft eines Bootes oder Schiffes segnen und ihr so Mut machen. Bis zu QS x 10 Matrosen dürfen eine Probe auf *Willenskraft (Bedrohungen standhalten* oder *Einschüchtern widerstehen)* einmal neu würfeln, genauso wie beim Einsatz eines Schicksalspunktes (siehe **Regelwerk** Seite **30**). Die Wirkung der Liturgie erlischt für ein Mitglied der Boots- oder Schiffsmannschaft, sobald es von Bord geht. Dies kann auch unfreiwillig geschehen, z. B. durch einen Sturz ins Wasser.;30 Minuten;16 KaP;32 Schritt;QS Tage;Kulturschaffende
LITURGY_157;Läuterung des Erzes;Innerhalb eines Radius von QS x 2 Schritt um den Geweihten löst sich alles befindliche und benannte erzene Material aus dem umgebenden Fels. Der Austritt erfolgt langsam und möglichst nahe der Position des Geweihten. Als Materialien benannt werden können spezifische Edelsteine oder Edelmetalle (Silber, Gold, Diamanten, Rubine etc.).;30 Minuten;16 KaP;selbst;sofort;Objekt (profane Objekte; erzene Materialien)
LITURGY_158;Liturgieabsorption; Mittels der Liturgieabsorption kann liturgisches Wirken aus einer Zone mit einem Radius von 5 Schritt ferngehalten oder in dieser gebrochen werden. Dies funktioniert, solange die QS der Liturgieabsorption gleich groß ist wie die QS der gegnerischen Liturgie/Zeremonie. Ist die QS der gegnerischen Kraft höher, wirkt sie fortan geschwächt (nur noch mit der Differenz zur QS der Absorption).<br>;2 Stunden;mindestens 16 KaP;16 Schritt;maximal 13 Stunden;Liturgien und Zeremonien
LITURGY_159;Makelloser Leib;Durch das Wirken der Zeremonie werden Narben und kleinere Verstümmelungen (fehlender Finger, fehlende Ohrspitze) eines Körpers verdeckt, sodass sie mit keinem Sinn mehr wahrnehmbar sind. Ebenso geht der Nachteil *Hässlich* temporär verloren. Größere Verstümmelungen wie abgetrennte Gliedmaßen sind auf diesem Wege nicht zu verbergen. Auch bleiben die Einschränkungen von Verstümmelungen erhalten. Leidet der Betroffene also etwa unter einem zertrümmerten Knie, wird er weiterhin hinken.;5 Minuten;8 KaP;Berührung;QS Stunden;Kulturschaffende
LITURGY_160;Metallerhitzung; Ein maximal 1 Stein wiegendes Stück Metall wird so sehr erhitzt, dass es geschmiedet werden kann.;30 Minuten;4 KaP;Berührung;QS Stunden;Objekt (profane Objekte; Metall)
LITURGY_161;Moralstärkung; Durch diese Zeremonie kann der Efferdgeweihte die Mannschaft eines Bootes oder Schiffes segnen und ihr so Mut machen. Bis zu QS x 10 Matrosen erhalten auf *Willenskraft (Bedrohungen standhalten* oder *Einschüchtern widerstehen)* eine Begabung. Zudem erhalten sie während der Wirkungsdauer auf alle MU-Teilproben eine Erleichterung von 1 und einen Bonus von +1 VW. Die Wirkung der Zeremonie erlischt für ein Mitglied der Boots- oder Schiffsmannschaft, sobald es von Bord geht. Dies kann auch unfreiwillig geschehen, z. B. durch einen Sturz ins Wasser.;2 Stunden;16 KaP;32 Schritt;QS x 3 Tage;Kulturschaffende
LITURGY_162;Nahrungsreinigung; Die Zeremonie kann Nahrungsmittel für bis zu 6 Personen von sämtlichen Krankheiten und Giften befreien, solange deren Stufe nicht über der erreichten QS liegt. Ebenso betroffen sind einfache Verunreinigungen wie Dreck und Schimmel. Gänzlich verfaultes Essen kann jedoch nicht mehr wiederhergestellt werden. Dieser Schutz funktioniert nur vor dem Verzehr. Die Zeremonie lässt sich auch auf Getränke anwenden.;5 Minuten;4 KaP;8 Schritt;sofort;Objekt (profane Objekte; Nahrungsmittel)
LITURGY_163;Nebelschwaden; Um die Geweihte bilden sich dichte Nebelschwaden, die etwa eine Kugel von QS x 50 Schritt Durchmesser füllen können. Pro QS werden die Sichtverhältnisse um eine Stufe schlechter. Lichtquellen, ob natürlich oder übernatürlich, können den Nebel nicht erhellen oder durchdringen. Die Sicht der Geweihten wird durch die Zeremonie nicht eingeschränkt, anderweitige Sichtmodifikatoren gelten allerdings weiterhin.<br>;30 Minuten;32 KaP;selbst;QS Stunden;Zone
LITURGY_164;Ortsweihe (Sanctum);Mit dieser Zeremonie lässt sich ein Ort weihen, sodass er als zweifachgeweiht (siehe Seite **69**) zählt. Dies kann ein Tempel oder ein anderer beliebiger Ort der gleichen Größe sein. Die Außenbereiche eines Tempels/Ortes, etwa ein Kräutergarten, zählen nicht als geweihter Boden, Innenhöfe und Keller allerdings sehr wohl. Mit der Ortsweihe lassen sich Tempel/Orte mit einer Fläche von bis zu 200 Rechtschritt weihen.;8 Stunden;64 KaP, davon 16 permanent;8 Schritt;permanent;Zone
LITURGY_165;Panthergestalt; Die Geweihte verwandelt sich in einen Panther. Hierbei wird die Kleidung nicht mitverwandelt. In der Panthergestalt behält die Geweihte ihre geistigen Eigenschaften und erhält die körperlichen Eigenschaften sowie die Fähigkeiten des Panthers. Zudem kann sie QS x 2 Punkte zusätzlich auf die körperlichen Eigenschaften des Panthers verteilen. In der Panthergestalt vermag sie keine übernatürlichen Fähigkeiten wie Zauber und Liturgien zu wirken, gilt jedoch als gesegnet.;30 Minuten;16 KaP;selbst;QS x 3 Stunden;Lebewesen (nur die Geweihte selbst)
LITURGY_166;Paradiesvogelgestalt; Der Geweihte verwandelt sich in einen Paradiesvogel. Hierbei wird die Kleidung nicht mitverwandelt. In der Paradiesvogelgestalt behält der Geweihte seine geistigen Eigenschaften und erhält die körperlichen Eigenschaften sowie die Fähigkeiten des Paradiesvogels. Zudem kann er QS x 2 Punkte zusätzlich auf die körperlichen Eigenschaften des Paradiesvogels verteilen. In der Paradiesvogelgestalt vermag er keine übernatürlichen Fähigkeiten wie Zauber und Liturgien zu wirken, gilt jedoch als gesegnet.;30 Minuten;8 KaP;selbst;QS x 3 Stunden;Lebewesen (nur der Geweihte selbst)
LITURGY_167;Pferdegestalt; Die Geweihte verwandelt sich in ein Pferd. Hierbei wird die Kleidung nicht mitverwandelt. In der Pferdegestalt behält die Geweihte ihre geistigen Eigenschaften und erhält die körperlichen Eigenschaften sowie die Fähigkeiten des Pferdes. Zudem kann sie QS x 2 Punkte zusätzlich auf die körperlichen Eigenschaften des Pferdes verteilen. In der Pferdegestalt vermag sie keine übernatürlichen Fähigkeiten wie Zauber und Liturgien zu wirken, gilt jedoch als gesegnet.;30 Minuten;16 KaP;selbst;QS x 3 Stunden;Lebewesen (nur die Geweihte selbst)
LITURGY_168;Priesterweihe (Ordination);Die Zielperson erhält den Vorteil Geweihter und die entsprechende Tradition des weihenden Priesters, solange dies auch den Wohlgefallen der Gottheit findet. Der Meister muss für die Gottheit entscheiden, ob sie den Sterblichen als Diener akzeptiert. Die Zielperson kann auf diesem Wege nur Geweihter jenes Gottes werden, dem der Wirker der Zeremonie dient. Der Vorteil *Geweihter* und die Tradition müssen mit AP bezahlt werden, wobei die üblichen Regeln für Vorteile gelten. Die Berührung muss nicht über die ganze Dauer der Zeremonie erfolgen, dies ist von Kult zu Kult unterschiedlich. Der Meister hat hierbei das letzte Wort.;8 Stunden;32 KaP, davon 12 permanent;Berührung;permanent;Kulturschaffende
LITURGY_169;Rabengestalt; Der Geweihte verwandelt sich in einen Raben. Hierbei wird die Kleidung nicht mitverwandelt. In der Rabengestalt behält der Geweihte seine geistigen Eigenschaften und erhält die körperlichen Eigenschaften sowie die Fähigkeiten des Raben. Zudem kann er QS x 2 Punkte zusätzlich auf die körperlichen Eigenschaften des Raben verteilen. In der Rabengestalt vermag er keine übernatürlichen Fähigkeiten wie Zauber und Liturgien zu wirken, gilt jedoch als gesegnet.;30 Minuten;8 KaP;selbst;QS x 3 Stunden;Lebewesen (nur der Geweihte selbst)
LITURGY_170;Reisesegen; Das Ziel bekommt eine Begabung für die nächste Probe auf ein Naturtalent, das es innerhalb der Wirkungsdauer benutzt.;5 Minuten;8 KaP;Berührung;QS x 12 Stunden;Kulturschaffende
LITURGY_171;Sättigung; Mit der Zeremonie belegtes Essen sättigt in einem deutlich größeren Maße. Die Wirkung der Zeremonie betrifft bis zu 5 Stein an Nahrung. (QS/2)+1 Personen werden von jeweils 0,5 Stein der Nahrung satt . Wird die Nahrung nicht vor dem Ende der Wirkungsdauer verspeist, verfliegt die Wirkung. Der Effekt lässt sich auf dieselbe Mahlzeit nicht stapeln.;30 Minuten;8 KaP;4 Schritt;12 Stunden;Objekt (profane Objekte; Nahrungsmittel)
LITURGY_172;Schlangengestalt; Der Geweihte verwandelt sich in eine Schlange. Hierbei wird die Kleidung nicht mitverwandelt. In der Schlangengestalt behält der Geweihte seine geistigen Eigenschaften und erhält die körperlichen Eigenschaften sowie die Fähigkeiten der Schlange. Zudem kann er QS x 2 Punkte zusätzlich auf die körperlichen Eigenschaften der Schlange verteilen. In der Schlangengestalt vermag er keine übernatürlichen Fähigkeiten wie Zauber und Liturgien zu wirken, gilt jedoch als gesegnet.;30 Minuten;8 KaP;selbst;QS x 3 Stunden;Lebewesen (nur der Geweihte selbst)
LITURGY_173;Schwanengestalt; Die Geweihte verwandelt sich in einen Schwan. Hierbei wird die Kleidung nicht mitverwandelt. In der Schwanengestalt behält die Geweihte ihre geistigen Eigenschaften und erhält die körperlichen Eigenschaften sowie die Fähigkeiten des Schwans. Zudem kann sie QS x 2 Punkte zusätzlich auf die körperlichen Eigenschaften des Schwans verteilen. In der Schwanengestalt vermag sie keine übernatürlichen Fähigkeiten wie Zauber und Liturgien zu wirken, gilt jedoch als gesegnet.;30 Minuten;8 KaP;selbst;QS x 3 Stunden;Lebewesen (nur die Geweihte selbst)
LITURGY_174;Seelenbannung; Durch diese finstere Zeremonie ist es einer Geweihten möglich, die Seele eines Kulturschaffenden dem Namenlosen zu opfern. Der Betroffene stirbt dadurch am Ende der Zeremoniedauer.;16 Stunden;32 KaP;4 Schritt;sofort;Kulturschaffende
LITURGY_175;Seelenprüfung; Der Geweihte kann erkennen, ob irgendwann im Leben des Ziels eine Initiation des eigenen Pantheons oder sogar Ordination eines Gottes seines Pantheons auf dieses gewirkt wurde. Die genaue Gottheit der Ordination wird nicht erkannt, falls das Pantheon mehrere umfasst. Außerdem sieht der Geweihte, ob aktuell der Makel des Eidbrechers (siehe Seite **71**) auf seinem Gegenüber liegt. Dabei spielt es keine Rolle, durch welches Pantheon der Makel zustande gekommen ist.;5 Minuten;8 KaP;4 Schritt;sofort;Kulturschaffende
LITURGY_176;Segnung des Heims;Innerhalb eines Radius von 12 Schritt um die Feuerstelle eines gesegneten Heims ist es nur noch unter erschwerten Bedingungen möglich, das Gastrecht zu brechen. Dies gilt sowohl für Gäste als auch für Gastgeber. Will dennoch jemand eine Handlung gegen das Gastrecht unternehmen, muss er eine Probe auf *Willenskraft* erschwert um 1 bestehen. Bei Misslingen sind alle Proben, die gegen das Gastrecht verstoßen, bis zum Ende der Wirkungsdauer um 1 erschwert.;30 Minuten;16 KaP;Berührung;QS x 3 Stunden;Zone
LITURGY_177;Sicherer Tritt;Innerhalb eines Radius von QS x 2 Schritt um den Geweihten können sich alle Wesen problemlos über Eis und Schnee bewegen. Sie sinken oder brechen nicht ein und rutschen nicht aus. Betroffene Wesen dürfen ihre volle GS verwenden. Bei Proben auf die Talente *Klettern* und *Körperbeherrschung* können jeweils Erschwernisse durch die Vereisung des Hindernisses in Höhe von QS/2 ignoriert werden. Danach noch vorhandene Erschwernis modifiziert die Probe wie üblich.;5 Minuten;8 KaP (Aktivierung der Zeremonie) + 4 KaP pro 4 Stunden;selbst;aufrechterhaltend;Zone
LITURGY_178;Speisung; Bis zu QS+1 Personen benötigen während der Wirkungsdauer weder Nahrung noch Wasser und fühlen sich weder hungrig noch durstig.;30 Minuten;16 KaP;8 Schritt;1 Tag;Kulturschaffende
LITURGY_179;Staub und Schimmel;Das Ziel dieser Zeremonie zerfällt und wird zerstört. Dabei kann es sich z. B. um einen ein Burgtor oder eine Wand handeln, aber auch um einen Stuhl oder eine Waffe. Der Gegenstand wird porös, schimmelig, weich oder zerfällt zu Staub (Meisterentscheid). Am Ende der Wirkungsdauer ist das Ziel nicht mehr zu gebrauchen.;5 Minuten;2/4/8/16 KaP für ein Objekt von der Größe eines/einer Tasse/Truhe/Tür/Burgtors;Berührung;permanent;Objekt (profane Objekte)
LITURGY_180;Storchengestalt; Der Geweihte verwandelt sich in einen Storch. Hierbei wird die Kleidung nicht mitverwandelt. In der Storchengestalt behält der Geweihte seine geistigen Eigenschaften und erhält die körperlichen Eigenschaften sowie die Fähigkeiten des Storches. Zudem kann er QS x 2 Punkte zusätzlich auf die körperlichen Eigenschaften des Storches verteilen. In der Storchengestalt vermag er keine übernatürlichen Fähigkeiten wie Zauber und Liturgien zu wirken, gilt jedoch als gesegnet.;30 Minuten;8 KaP;selbst;QS x 3 Stunden;Lebewesen (nur der Geweihte selbst)
LITURGY_181;Tempelweihe (Konsekration);Mit dieser Zeremonie lässt sich ein Tempel weihen, sodass sein Boden, die Mauern und das Dach als geweiht (siehe Seite **69**) zählen. Die Außenbereiche eines Tempels, etwa ein Kräutergarten, zählen nicht als geweihter Boden, Innenhöfe und Keller allerdings sehr wohl. Mit der Tempelweihe lassen sich Tempel mit einer Fläche von bis zu 200 Rechtschritt weihen.;8 Stunden;32 KaP, davon 8 permanent;8 Schritt;permanent;Objekt (Tempel)
LITURGY_182;Traumbild; Die Zeremonie erlaubt dem Geweihten einen Einblick in die Träume der Zielperson. Während der Zeremoniedauer muss der Geweihte sein Ziel dauerhaft berühren. Danach schlafen beide ein und der Geweihte träumt den gleichen Traum wie das Ziel.<br>;5 Minuten;8 KaP;Berührung;bis zum Ende des nächsten Traums des Ziels oder bis der Borongeweihte geweckt wird;Kulturschaffende
LITURGY_183;Unbeschwerte Wanderung;Durch die Zeremonie kann das Ziel QS Stein zusätzlich tragen (siehe **Regelwerk** Seite **348**). Erst bei Überschreitung dieser angehobenen Grenze beginnen die vollen 4 Stein zu zählen, die *Belastung* verursachen. Das kurzfristige Stemmen von zusätzlichem Gewicht ist von der Wirkung dieser Zeremonie nicht betroffen.;5 Minuten;4 KaP;selbst;1 Tag;Kulturschaffende
LITURGY_184;Verblassende Erinnerung;Die Zeremonie lässt die Erinnerung an ein traumatisches Erlebnis (etwa Krieg, Seuchen, Begegnungen mit furchteinflößenden Wesenheiten) verblassen, sodass sich das Ziel nicht mehr ständig damit beschäftigt. Das Ziel kann sich willentlich immer noch an das Ereignis erinnern. Proben auf *Heilkunde Seele* gegen das Ziel der Zeremonie sind um QS/2 erleichtert, wenn das Talent sich auf die Verarbeitung der Erlebnisse bezieht.;5 Minuten;8 KaP;Berührung;1 Jahr;Kulturschaffende
LITURGY_185;Vergessen; Die Zeremonie unterdrückt alle persönlichen Erinnerungen des Ziels an ein zurückliegendes Ereignis. Die vergessene Zeit darf maximal QS Tage an Erinnerung beinhalten. Für die Wirkungsdauer kann das Ziel sich an diesen Zeitraum weder erinnern noch Proben auf Wissen ablegen, das er in diesem erlangt hat. Seine Reflexe sind davon jedoch ebenso wenig betroffen wie zuvor erlangtes Wissen und Fähigkeiten, weshalb auf diese uneingeschränkt geprobt werden darf.;30 Minuten;8 KaP;Berührung;QS Tage;Kulturschaffende
LITURGY_186;Waffenfluch; Der Geweihte kann eine beliebige Waffe mit einem Waffenfluch belegen. Gegen Geweihte anderer Gottheiten und deren heilige Tiere richtet die Waffe doppelten Schaden an (erst die TP auswürfeln, dann verdoppeln, dann den RS abziehen). Bei Fernkampftechniken sind einzelne Geschosse die Zielkategorie der Zeremonie.;30 Minuten;8/16/32 KaP für Geschosse, Dolche und Raufen-Waffen/alle übrigen Waffen/Zweihandwaffen;Berührung;QS x 3 Stunden;Objekt (profane Objekte; Waffen)
LITURGY_187;Wegweiser; Der Geweihte vermag zu spüren, in welcher Richtung in einem Radius von QS x 10 Meilen sich die nächste bewohnte Unterkunft befindet. Zu der Entfernung oder der tatsächlichen Erreichbarkeit des gesuchten Ziels kann er jedoch keine Angaben machen.;5 Minuten;8 KaP;selbst;sofort;Kulturschaffende
LITURGY_188;Weihe des Heims;Die Zeremonie erhöht die Strukturpunkte eines Gebäudes um QS x 30 Punkte gegen jegliche Art von Schaden. Mit der Weihe des Heims lassen sich durchschnittlich große, bis zu zweistöckige Gebäude weihen.;5 Minuten;8 KaP;Berührung;QS Stunden;Zone
LITURGY_189;Wiederherstellung; Die Zeremonie repariert ein beschädigtes oder zerstörtes Objekt, indem sie ihm QS x 20 Strukturpunkte zurückgibt. Waffen und Rüstungen sind davon ausgenommen.;30 Minuten;8 KaP;Berührung;sofort;Objekt (profane Objekte)
LITURGY_190;Winterschlaf; Die Zeremonie versetzt einen freiwilligen Kulturschaffenden in einen tiefen Schlaf, aus dem er erst am Ende der Wirkungsdauer erwacht oder durch grobes Wecken gerissen werden kann. Während der Wirkungsdauer werden die Auswirkungen aller Zustände, Status, Gifte und Krankheiten unterbrochen, ebenso kommt es zu keiner Alterung.;5 Minuten;8 KaP;Berührung;QS Tage;Kulturschaffende
LITURGY_191;Zuflucht; Nach Wirken der Zeremonie tut sich eine sichere Zuflucht auf, sei es in Form einer schützenden Kuhle im Boden oder einer Höhle im Fels. Alle sich darin aufhaltenden Kulturschaffenden werden besser vor Wetterbedingungen wie Kälte geschützt, sind aber nicht sicher vor direkt schädlichen Einflüssen wie Gewalt oder Feuer. Die Zuflucht bietet QS/2 Stufen Kälteschutz. Sie schützt nur die Ziele der Zeremonie vor dem Wetter.;5 Minuten;8 KaP pro Person;Berührung;6 Stunden;Kulturschaffende
LITURGY_192;Zwergwalgestalt; Die Geweihte verwandelt sich in einen Zwergwal. Hierbei wird die Kleidung nicht mitverwandelt. In der Walgestalt behält die Geweihte ihre geistigen Eigenschaften und erhält die körperlichen Eigenschaften sowie die Fähigkeiten des Zwergwals. Zudem kann sie QS x 2 Punkte zusätzlich auf die körperlichen Eigenschaften des Pottwals verteilen. In der Walgestalt vermag sie keine übernatürlichen Fähigkeiten wie Zauber und Liturgien zu wirken, gilt jedoch als gesegnet.;30 Minuten;16 KaP;selbst;QS x 3 Stunden;Lebewesen (nur die Geweihte selbst)
LITURGY_193;Blick auf den Meeresgrund;Der Priester kann Wasser als Sichtmodifikator ignorieren, so als wäre es nicht vorhanden. Er muss sich dazu außerhalb des Wassers befinden (beispielsweise auf einem Floß oder Boot) und ins Wasser schauen. Um Details auszumachen, kann nach Meisterentscheid eine Probe auf *Sinnesschärfe* notwendig sein. Der Priester kann sich während der Wirkungsdauer bewegen und somit seinen Sichtbereich ändern, darf aber nicht ins Wasser eintauchen, sonst endet die Liturgie diceAmountblicklich.;1 Aktion;4 KaP;selbst;QS x 2 KR;Kulturschaffende
LITURGY_194;Botschaft aus der Tiefe;Der Priester projiziert ein Bild seines Gesichts auf eine Wasseroberfläche, die sich innerhalb eines Radius von 10 Schritt um den nächsten ihm persönlich bekannten Priester seiner Tradition befindet. Die maximale Reichweite der Liturgie beträgt 250 Meilen. Der Empfänger bemerkt das Gesicht intuitiv, er kann es sehen und die Stimme des Priesters, der die Liturgie gewirkt hat, in seinen Gedanken hören. Die Kommunikation über das Spiegelbild funktioniert lediglich in eine Richtung. Der Anwender kann das Ziel der Liturgie während der Wirkungsdauer weder hören noch sehen.;16 Aktionen;16 KaP;250 Meilen;QS/2 Minuten;Kulturschaffende
LITURGY_195;Ertrinken; Ein Opfer in maximal 8 Schritt Entfernung hat das Gefühl zu ertrinken und muss eine Probe auf *Selbstbeherrschung (Handlungsfähigkeit bewahren)* erschwert um QS/2 der Liturgie ablegen. Es erleidet 6– QS der Talentprobe SP und 2 Stufen *Betäubung* für die Wirkungsdauer der Liturgie.;2 Aktionen;4 KaP;8 Schritt;5 KR;Kulturschaffende
LITURGY_196;Furchtresistenz; Alle Effekte der Stufen des Zustands *Furcht* können ignoriert werden, bis auf Stufe IV (ab Stufe IV wird der Priester von den ganz normalen Auswirkungen des Zustands betroffen).;1 Aktion;8 KaP;selbst;QS x 5 KR;Kulturschaffende
LITURGY_197;Numinorus Fesseln;Das Opfer erhält die Status Eingeengt und Fixiert. Das Opfer kann eine Probe auf *Kraftakt (Drücken und Verbiegen oder Ziehen und Zerren)* ablegen. Die beiden Status wirken 7–QS Kampfrunden.;2 Aktionen;8 KaP;8 Schritt;maximal 7 Kampfrunden;Lebewesen
LITURGY_198;Quallenhaut; Die Haut des Priesters überzieht sich mit Schleim, der an die Nesseln einer Feuerqualle erinnert. Der Schleim ist ein Kontaktgift, das der Priester beispielsweise über eine Berührung oder eine gelungene und nicht verteidigte Raufen-AT übertragen kann. Das Gift lässt sich nicht lösen oder abkratzen. Im Kampf muss mindestens 1 SP durch Raufen angerichtet werden, bevor eine Giftprobe gewürfelt werden darf.;2 Aktionen;16 KaP;selbst;QS x 3 KR;Kulturschaffende
LITURGY_199;Quallenruf; Der Priester ruft einen Schwarm von QS x 3 Quallen herbei, die das Wasser um ihn herum bevölkern. Die Tiere stehen unter vollständiger Kontrolle des Priesters. Er kann sie dazu bringen, andere Wesen in Hör- und Sehweite anzugreifen oder irgendwo zu verharren. Die Quallen können sich nicht weiter als 32 Schritt vom Priester entfernen.;2 Aktionen;16 KaP;32 Schritt;QS Stunden;Tiere (Quallen)
LITURGY_200;Schiffsgespür; Der Priester spürt, in welcher Richtung sich das nächste hochseetaugliche Schiff auf dem Meer befindet und ob es sich von ihm entfernt oder auf ihn zubewegt, solange es sich in der Reichweite der Liturgie befindet.;4 Aktionen;4 KaP;50 Meilen;QS Minuten;Objekt (Schiff)
LITURGY_201;Unsichtbare Flut;In einem Radius von QS x 3 Schritt, mit dem Priester als Mittelpunkt, wird der Kampf für jeden so erschwert, als befände er sich unter Wasser. Dies bedeutet Abzüge von –6 auf AT, PA – und in diesem Fall auch FK. Sonderfertigkeiten, die den Kampf im Wasser erleichtern, helfen auch in dieser Zone. Die Zone bewegt sich nach dem Einsetzen der Wirkung nicht mit dem Priester mit.;4 Aktionen;16 KaP;selbst;5 Kampfrunden;Zone
LITURGY_202;Leitende Strömung;Ein Schiff wird von Meeresströmungen für die Wirkungsdauer in die vom Priester gewünschte Richtung getragen. Es kann sich dabei mit halber Geschwindigkeit auch unabhängig vom Wind bewegen. Für besonders schwierige Manöver muss der Priester eine Probe auf *Boote & Schiffe* ablegen.;30 Minuten;16 KaP;Berührung;QS Stunden;Objekt (Schiff)
LITURGY_203;Numinorus Fluch;Durch diese Zeremonie lässt sich ein Wasserfahrzeug verfluchen. Alle Kulturschaffenden an Bord leiden unter folgenden Auswirkungen:;16 Stunden;16 KaP pro angefangene 20 Schritt Länge des Wasserfahrzeugs;Berührung;QS Tage;Objekt (Wasserfahrzeug)
LITURGY_204;Schattenrochengestalt; Der Priester verwandelt sich in einen Schattenrochen. Hierbei wird die Kleidung nicht mitverwandelt. In der Schattenrochengestalt behält der Priester seine geistigen Eigenschaften und erhält die körperlichen Eigenschaften sowie die Fähigkeiten des Schattenrochens. Zudem kann er QS x 2 Punkte zusätzlich auf die körperlichen Eigenschaften des Schattenrochens verteilen. Abgeleitete Werte ändern sich dadurch nicht. In der Schattenrochengestalt vermag er keine übernatürlichen Fähigkeiten wie Zauber und Liturgien zu wirken, gilt jedoch als gesegnet (siehe **Regelwerk** Seite **316**).;30 Minuten;16 KaP;selbst;QS x 3 Stunden;Lebewesen (nur der Priester selbst)
LITURGY_205;Seemonsterruf; Ein vom Spielleiter bestimmtes Seeungeheuer erscheint beim Priester. Dabei werden sich Wesen, die nicht außerhalb des Wassers überleben können, nicht an Land begeben. Der Meister kann die Zeremonieprobe je nach Art der Kreatur erschweren.;5 Minuten;32 KaP;64 Schritt;2 Stunden;Lebewesen (Meeresungeheuer)
LITURGY_206;Empfängnisverhütung; Das freiwillige Ziel kann während der Wirkungsdauer der Liturgie weder Kinder zeugen, noch Kinder empfangen. Würfe auf die Zeugungs- und Empfängnistabelle entfallen somit (siehe Seite **111/112**).;8 Aktionen;4 KaP;Berührung;QS x 30 Minuten;Kulturschaffende
LITURGY_207;Entstelltes Antlitz;Das Aussehen der betroffenen Person sinkt um QS/2 Stufen auf der Skala *Gutaussehend II – Gutaussehend I – normal – Hässlich I – Hässlich II* (bis zu einem Minimum von *Hässlich II*).;8 Aktionen;4 KaP;8 Schritt;2 Stunden;Kulturschaffende
LITURGY_208;Erregender Rausch;Durch diese Liturgie ist der Geweihte in der Lage, alle negativen Auswirkungen (meist unter dem Punkt Nebenwirkungen angegeben) des nächsten Rauschmittels, welches er einnimmt, zu ignorieren. Stattdessen erhält er QS/2 Stufen *Erregung*, seine KL sinkt jedoch während des Zeitraums um 4 und Proben auf *Willenskraft (Betören widerstehen)* sind um 2 erschwert. Bereits wirkende Rauschmittel sind nicht betroffen.;8 Aktionen;4 KaP;selbst;15 Minuten, danach verschwindet die *Erregung* komplett und das Rauschmittel wirkt nicht mehr;Kulturschaffende
LITURGY_209;Erregung kontrollieren;Die Geweihte kann bei ihrem freiwilligen Ziel 1 oder 2 Stufen *Erregung* erzeugen. Wird dadurch die Erregungsstufe IV erreicht, kommt es nicht zu einem ekstatischen Höhepunkt (siehe Seite **105**).;8 Aktionen (vdL) / 1 Verführungshandlung (wdL);8 KaP;Berührung;QS x 10 Minuten;Kulturschaffende
LITURGY_210;Fesselndes Band;Das Ziel wird von einem karmalen Band umschlungen und erhält den Status *Fixiert*.;2 Aktionen;8 KaP;8 Schritt;QS KR;Kulturschaffende
LITURGY_211;Gespiegelte Gefühle;Der Geweihte kann die Gefühle eines freiwilligen Ziels wahrnehmen. Körperliche Wahrnehmungen abseits des Liebesspiels werden nicht übertragen.<br>;4 Aktionen (vdL) / 1 Verführungshandlung (wdL);2 KaP;selbst;1 Stunde;Kulturschaffende
LITURGY_212;Gigantische Geilheit;Diese Liturgie versetzt den Priester längere Zeit in einen erregten Zustand. Der Priester erhält 2 Stufen *Erregung*. Er kann während des gewöhnlichen Beischlafs oder beim *Vergnügen zu zweit*, oder bei *Flotten Dreiern* und *Orgien* diese Erregungsstufen an einen anderen Teilnehmer, den er erregen will, abgeben. Er kann hierbei beide oder nur eine Stufe abgeben und sie sogar auf verschiedene Teilnehmer verteilen. Dies ist eine Verführungshandlung.<br>;8 Aktionen (vdL) / 1 Durchgang (wdL);8 KaP;selbst;QS Stunden;Kulturschaffende
LITURGY_213;Hand der Lust;Masturbiert die Geweihte, ist die Probe auf *Willenskraft*, um die Erregung zu halten, um QS/2 erleichtert. Außerdem ist sie in der Lage allein durch Masturbation einen ekstatischen Höhepunkt zu erreichen, was sonst ohne die Liturgie nicht möglich ist (siehe Seite **98**).;16 Aktionen;8 KaP;selbst;maximal 12 Durchgänge oder bis Erregungsstufe IV beim Ziel erreicht wurde;Kulturschaffende
LITURGY_214;Heiliges Liebesspiel;Alle Proben auf *Betören*sind für das Ziel um QS/2 Punkte erleichtert.;8 Aktionen;4 KaP;Berührung;QS x 30 Minuten;Kulturschaffende
LITURGY_215;Hastiger Höhepunkt;Durch die Wirkung dieser Liturgie steigert sich der Priester in das Liebesspiel hinein und versucht möglichst schnell seinen eigenen ekstatischen Höhepunkt zu erlangen. Der Priester und die anderen Teilnehmer des Liebesspiels überspringen durch die Liturgie QS/2 Durchgänge. Dies kann zum Scheitern des Liebesspiels führen (z. B. wenn dadurch Durchgang 13+ erreicht wurde oder eine Erregungsschranke das Liebesspiel beendet), aber auch den Priester und die anderen Teilnehmer schneller zu einem höheren Belohnungsgrad führen. Der Priester erhält zudem 1 Stufe *Erregung*. Sollte er dadurch einen ekstatischen Höhepunkt erreichen, so endet das Liebesspiel für alle Teilnehmer diceAmountblicklich und nicht erst nach 3 drei weiteren Durchgängen.;1 Verführungshandlung (wdL);8 KaP;selbst;sofort;Kulturschaffende
LITURGY_216;Krankheitsvorbeugung; Die Geweihte kann sich innerhalb der Wirkungsdauer nicht mit einer Geschlechtskrankheit anstecken.;8 Aktionen;4 KaP;selbst;QS Stunden;Kulturschaffende
LITURGY_218;Verstecktes Begehren;Der Geweihte vermag zu erkennen, welche Wünsche und Gelüste das Leben eines Wesens bestimmen. Dabei kann er zwischen langfristigen Wünschen und nur temporär vorherrschenden unterscheiden. Proben auf *Menschenkenntnis* sind während der Wirkungsdauer um QS/2 erleichtert.;1 Aktion;8 KaP;Berührung;5 Minuten;Kulturschaffende
LITURGY_219;Einflüsterung; Proben auf Überreden sind für das Ziel um QS/2 erleichtert, wenn das Talent dafür genutzt wird, anderen Personen einzuflüstern, eigennützigen Gelüsten nachzugehen und lästige Verpflichtungen zu ignorieren.;30 Minuten;8 KaP;selbst;QS Stunden;Kulturschaffende
LITURGY_220;Geschlechterwechsel; Die Zeremonie führt einen kompletten Geschlechtswechsel bei einem freiwilligen Ziel durch. Ein Mann wird zu einer Frau, eine Frau zu einem Mann. Das Aussehen selbst verändert sich dabei abseits der Geschlechtsmerkmale durchaus, jedoch nur so weit, dass man noch immer als sein eigener, gegengeschlechtlicher Zwilling durchgehen würde. Die Zeremonie hat keine Auswirkungen auf Vor- und Nachteile. Gutaussehend, Hässlich, Verstümmelung usw. bleiben erhalten, ebenso alle magischen und karmalen Kräfte und sonstigen Fähigkeiten, solange das Geschlecht nicht dagegenspricht. Die Zeugung oder die Empfängnis von Nachkommen ist unter Einfluss dieser Zeremonie nicht möglich.;2 Stunden;16 KaP;Berührung;QS x 2 Stunden;Kulturschaffende
LITURGY_221;Heiliger Höhepunkt;Sollte das Ziel der Zeremonie beim Liebesspiel einen ekstatischen Höhepunkt erreichen (siehe Seite **105**), kann es QS/2 zusätzliche Belohnungen zur ohnehin ausstehenden (siehe Seite **106**) auswählen. Die Belohnungen dürfen aus dem gleichen oder niedrigeren Belohnungsgraden stammen, den der Teilnehmer des Liebesspiels erreicht hat.;30 Minuten;16 KaP;Berührung;maximal 12 Durchgänge oder bis Erregungsstufe IV beim Ziel erreicht wurde;Kulturschaffende
LITURGY_222;Körper der Radscha Uschtammar;Mittels dieser Zeremonie kann die Geweihte dem freiwilligen Ziel einen (weiteren) Penis, eine (weitere) Vagina oder eine weitere Brust wachsen lassen. Die neuen Körperteile können im Liebesspiel eingesetzt werden. Dies äußert sich darin, dass das Ziel bestimmte Sexpraktiken und Positionen anwenden kann, als wäre es nicht ein, sondern zwei Teilnehmer. Dazu muss das Ziel jeweils getrennte Proben auf *Betören (Liebeskünste)* für die verschiedenen Teilnehmer würfeln, die es erregen möchte.<br>;30 Minuten;8 KaP;Berührung;QS x 30 Minuten;Kulturschaffende
LITURGY_223;Liebesschlaf; Der Geweihte kann während des gewöhnlichen Beischlafs oder des Liebesspiels dem anderen Teilnehmer bis zu QS Lebenspunkte seiner nächsten Regenerationsphase schenken. Nach dem Ende der Zeremoniedauer sinken der Geweihte und der andere Teilnehmer in einen tiefen, erholsamen Schlaf, der gleichzeitig auch ihre nächste Regenerationsphase ist bzw. sein muss. Der andere Teilnehmer erhält am Ende der Regenerationsphase im Anschluss an den Liebesakt die entsprechenden LeP gutgeschrieben (bis zum Maximum der LeP).;5 Minuten;4 KaP;selbst;sofort;Kulturschaffende
LITURGY_224;Liebestätowierung; Eine Rahjageweihte kann mit dieser Zeremonie Tätowierfarbe für eine Rosentätowierung weihen. Das Tätowieren muss innerhalb der Zeremoniedauer erfolgen. Die Kraft der Rosentätowierung hält so lange an, wie die Wirkungsdauer beträgt. Danach muss die Tätowierungen wieder mit der Zeremonie aufgefrischt werden. Nur Personen mit der Sonderfertigkeit *Tradition (Rahjakirche)* können tätowiert werden. Bei anderen Personen verschwindet die Tätowierung nach der Fertigstellung.;8 Stunden;16 KaP;Berührung;QS Jahre;Kulturschaffende
LITURGY_225;Lusttrank; Der Levthanpriester kocht mit dieser Zeremonie eine Flüssigkeit, die am Ende der Zeremoniedauer wie Wein aussieht und auch so schmeckt. Der Lusttrank erschwert dem ersten Kulturschaffenden, der innerhalb der Wirkungsdauer davon trinkt, alle Proben auf *Willenskraft (Betören widerstehen)* um QS/2. Außerdem erhält er 1 Stufe *Erregung*. Sollte die *Erregung* durch irgendwelche Umstände zwischenzeitlich auf 0 sinken, bekommt er diese 5 KR später wieder zurück. Auf alle weiteren Kulturschaffenden, die danach den Lusttrank trinken, hat dies keine besondere Wirkung.;2 Stunden;8 KaP;Berührung;24 Stunden;Kulturschaffende
LITURGY_226;Dämonenpakt brechen;Der Geweihte kann mit dieser Zeremonie versuchen, den Dämonenpakt eines Paktierers zu brechen. Die Probe ist dabei um verschiedene Modifikatoren, beispielsweise durch die Kreise der Verdammnis des Paktierers, modifiziert. Die Seelenkraft des Ziels kommt dabei nur zum Tragen, wenn es sich dem Ritual nicht freiwillig unterzieht. Zum genauen Verfahren siehe **Aventurische Magie III** Seite **79**. Die Berührung muss nicht über die ganze Dauer der Zeremonie erfolgen, dies ist von Kult zu Kult unterschiedlich. Der Meister hat hierbei das letzte Wort.;8 Stunden;32 KaP, davon 8 permanent;Berührung;sofort;Kulturschaffende (Paktierer)
LITURGY_227;Steinhaut; Die Haut des Geweihten überzieht sich mit einer Schicht aus Stein und verleiht ihm so einen Rüstungsschutz von 5. Dieser Rüstungsschutz kann mit externen Rüstungen kombiniert werden, nicht aber mit anderen übernatürlichen Verbesserungen des RS.;2 Aktionen;16 KaP;Selbst;QS x 2 KR;Kulturschaffende
LITURGY_228;Schaffenskraft; Der Geweihte kann bis zu 6 freiwillige Ziele in Reichweite benennen (inklusive sich selbst). Die Ziele erhalten für Sammelproben auf Handwerkstalente innerhalb der Wirkungsdauer eine Erleichterung von 1 auf alle Proben. Diese Erleichterung gilt allerdings nur für ein einziges, vom Geweihten bestimmtes Handwerkstalent.;2 Stunden;8 KaP;8 Schritt;QS/2 Tage;Kulturschaffende
